T_over_M,Re_psi4_22,Im_psi4_22
2.500000000000000000e-01,1.637067697271446472e-42,-1.571447398844637725e-44
5.000000000000000000e-01,1.007115118292447781e-36,-9.431907394443241560e-38
7.500000000000000000e-01,-2.950637174421338023e-33,4.252537751630782366e-34
1.000000000000000000e+00,5.241404571007810327e-32,-5.210064188109117086e-32
1.250000000000000000e+00,4.057588486706889356e-28,-1.159414449925426338e-28
1.500000000000000000e+00,4.516538921429709146e-26,-1.972411882480172204e-26
1.750000000000000000e+00,-2.267698290507089223e-22,9.535133162531533345e-23
2.000000000000000000e+00,-2.442918986303118444e-19,1.247824164709502471e-19
2.250000000000000000e+00,-1.054714396482074577e-16,6.341551225628490904e-17
2.500000000000000000e+00,-2.150946496412771759e-14,1.503768724830177467e-14
2.750000000000000000e+00,-2.070440411076665763e-12,1.671131720717948658e-12
3.000000000000000000e+00,-8.905719896546852386e-11,8.254429504553985784e-11
3.250000000000000000e+00,-1.740471960113691356e-09,1.841982995188992454e-09
3.500000000000000000e+00,-1.701265751401493093e-08,2.041782270629588603e-08
3.750000000000000000e+00,-9.372561484380678836e-08,1.263684115792406676e-07
4.000000000000000000e+00,-3.273328813361456360e-07,4.890624153391652654e-07
4.250000000000000000e+00,-8.076819658281977117e-07,1.311342785866055116e-06
4.500000000000000000e+00,-1.548674086959108226e-06,2.662608766684005748e-06
4.750000000000000000e+00,-2.495192113877426111e-06,4.404126947121705426e-06
5.000000000000000000e+00,-3.583563090580453495e-06,6.278153094718397209e-06
5.250000000000000000e+00,-4.779083444725801558e-06,8.035879352335546241e-06
5.500000000000000000e+00,-6.074045208217631860e-06,9.505904346524289892e-06
5.750000000000000000e+00,-7.469176496607644356e-06,1.060439206334930216e-05
6.000000000000000000e+00,-8.957396193874314237e-06,1.131845235005490412e-05
6.250000000000000000e+00,-1.051620761301444931e-05,1.168341307768313432e-05
6.500000000000000000e+00,-1.210695932414079521e-05,1.176251400136987547e-05
6.750000000000000000e+00,-1.367689157361420996e-05,1.163094236022415819e-05
7.000000000000000000e+00,-1.516204099713142162e-05,1.136337845739891653e-05
7.250000000000000000e+00,-1.649172947043103937e-05,1.102421287373754277e-05
7.500000000000000000e+00,-1.759562561588545181e-05,1.066068749707816687e-05
7.750000000000000000e+00,-1.841280627416570063e-05,1.029977007532212242e-05
8.000000000000000000e+00,-1.890091678119806462e-05,9.949167409206025739e-06
8.250000000000000000e+00,-1.904344610981273652e-05,9.602069390658921400e-06
8.500000000000000000e+00,-1.885391117485293264e-05,9.244612201296210040e-06
8.750000000000000000e+00,-1.837660459857965123e-05,8.864853810587813314e-06
9.000000000000000000e+00,-1.768408245683669630e-05,8.462145933970866959e-06
9.250000000000000000e+00,-1.687175530552663421e-05,8.055976022037694746e-06
9.500000000000000000e+00,-1.604997042347866725e-05,7.693527302892817882e-06
9.750000000000000000e+00,-1.533398149822988609e-05,7.455334414123200214e-06
1.000000000000000000e+01,-1.483225480571093055e-05,7.458511366613749671e-06
1.025000000000000000e+01,-1.463365723135562735e-05,7.857125009908498000e-06
1.050000000000000000e+01,-1.479418393342990798e-05,8.839404189004666592e-06
1.075000000000000000e+01,-1.532398091186482154e-05,1.062162123842082740e-05
1.100000000000000000e+01,-1.617547684969673262e-05,1.343865094588717300e-05
1.125000000000000000e+01,-1.723344861580996244e-05,1.753138950529059575e-05
1.150000000000000000e+01,-1.830780527515612008e-05,2.313139464333543213e-05
1.175000000000000000e+01,-1.912979054051785327e-05,3.044328374421630413e-05
1.200000000000000000e+01,-1.935218003183537022e-05,3.962558915838886476e-05
1.225000000000000000e+01,-1.855389663644347131e-05,5.077090347964510536e-05
1.250000000000000000e+01,-1.624929315826719947e-05,6.388624227177339414e-05
1.275000000000000000e+01,-1.190216069268230227e-05,7.887460726823910303e-05
1.300000000000000000e+01,-4.944316787509007771e-06,9.551875220679435915e-05
1.325000000000000000e+01,5.201582825659007037e-06,1.134681352334188423e-04
1.350000000000000000e+01,1.909556866910100140e-05,1.322299834928242462e-04
1.375000000000000000e+01,3.725096382211259258e-05,1.511652976605155733e-04
1.400000000000000000e+01,6.010298206834423685e-05,1.694904907400727968e-04
1.425000000000000000e+01,8.797637010707451714e-05,1.862851904184120862e-04
1.450000000000000000e+01,1.210532633066429496e-04,2.005065404763678514e-04
1.475000000000000000e+01,1.593425091523657561e-04,2.110101182919426753e-04
1.500000000000000000e+01,2.026517558102934830e-04,2.165773499900633490e-04
1.525000000000000000e+01,2.505635995466100915e-04,2.159490627846176762e-04
1.550000000000000000e+01,3.024170337324879145e-04,2.078645756464950580e-04
1.575000000000000000e+01,3.572953477568978093e-04,1.911055009625615346e-04
1.600000000000000000e+01,4.140214919763703268e-04,1.645432135762863357e-04
1.625000000000000000e+01,4.711617585708719131e-04,1.271887421950925780e-04
1.650000000000000000e+01,5.270384274802288049e-04,7.824366044018183492e-05
1.675000000000000000e+01,5.797517893855759887e-04,1.715041450823393001e-05
1.700000000000000000e+01,6.272116861298051215e-04,-5.635957067432582229e-05
1.725000000000000000e+01,6.671784121388999811e-04,-1.422217206884372786e-04
1.750000000000000000e+01,6.973125095088880503e-04,-2.399998143945038373e-04
1.775000000000000000e+01,7.152326722698683532e-04,-3.488548751234914181e-04
1.800000000000000000e+01,7.185806613123068036e-04,-4.675230491347289624e-04
1.825000000000000000e+01,7.050918434784894488e-04,-5.943038278876353097e-04
1.850000000000000000e+01,6.726697406535249273e-04,-7.270596398206768604e-04
1.875000000000000000e+01,6.194628243663841691e-04,-8.632275331029047507e-04
1.900000000000000000e+01,5.439416867175495126e-04,-9.998435010143587320e-04
1.925000000000000000e+01,4.449745885017551391e-04,-1.133579949960201007e-03
1.950000000000000000e+01,3.218991829530321210e-04,-1.260796706777295335e-03
1.975000000000000000e+01,1.745879817462062762e-04,-1.377605599868365113e-03
2.000000000000000000e+01,3.505000923712690099e-06,-1.479947965862252928e-03
2.025000000000000000e+01,-1.902488686255726863e-04,-1.563683601405666543e-03
2.050000000000000000e+01,-4.049038540574192643e-04,-1.624689005366971098e-03
2.075000000000000000e+01,-6.380042359851678885e-04,-1.658962467349002316e-03
2.100000000000000000e+01,-8.864073425424167122e-04,-1.662733640086658162e-03
2.125000000000000000e+01,-1.146299426325486561e-03,-1.632575449204769994e-03
2.150000000000000000e+01,-1.413229108991440443e-03,-1.565516258556577060e-03
2.175000000000000000e+01,-1.682158952006483849e-03,-1.459149980822318192e-03
2.200000000000000000e+01,-1.947535441996234339e-03,-1.311741377474178816e-03
2.225000000000000000e+01,-2.203377192668901086e-03,-1.122323350973852569e-03
2.250000000000000000e+01,-2.443380508132313774e-03,-8.907828133277149747e-04
2.275000000000000000e+01,-2.661040746465044224e-03,-6.179318187471399132e-04
2.300000000000000000e+01,-2.849787282625530944e-03,-3.055611117178836799e-04
2.325000000000000000e+01,-3.003129361122725254e-03,4.352472219053487803e-05
2.350000000000000000e+01,-3.114810769059873485e-03,4.254811107838048874e-04
2.375000000000000000e+01,-3.178976978131571856e-03,8.353836522595703374e-04
2.400000000000000000e+01,-3.190358392660287874e-03,1.267205576810486291e-03
2.425000000000000000e+01,-3.144435924791994831e-03,1.713939294525564571e-03
2.450000000000000000e+01,-3.037542342437981029e-03,2.167862851495530336e-03
2.475000000000000000e+01,-2.866937740518458577e-03,2.620744653959212675e-03
2.500000000000000000e+01,-2.630929030536445067e-03,3.063903343662804143e-03
2.525000000000000000e+01,-2.329022057790502889e-03,3.488244627811305700e-03
2.550000000000000000e+01,-1.962054013227848472e-03,3.884371355332340552e-03
2.575000000000000000e+01,-1.532281461132164492e-03,4.242763422290636577e-03
2.600000000000000000e+01,-1.043423503097111200e-03,4.553993216273787177e-03
2.625000000000000000e+01,-5.006643765715182741e-04,4.808952837363265551e-03
2.650000000000000000e+01,8.938037090097787380e-05,4.999082096140307699e-03
2.675000000000000000e+01,7.187310746617729803e-04,5.116592719363038423e-03
2.700000000000000000e+01,1.378143785065589436e-03,5.154685151229488997e-03
2.725000000000000000e+01,2.057243401758910260e-03,5.107752640383145075e-03
2.750000000000000000e+01,2.744689682574069558e-03,4.971566101623880497e-03
2.775000000000000000e+01,3.428373267670409459e-03,4.743433768268957157e-03
2.800000000000000000e+01,4.095636991326686259e-03,4.422331121891570453e-03
2.825000000000000000e+01,4.733517128427628361e-03,4.008997873700911353e-03
2.850000000000000000e+01,5.328999326240479138e-03,3.505999498972795902e-03
2.875000000000000000e+01,5.869284098501852294e-03,2.917751249775285202e-03
2.900000000000000000e+01,6.342056614526028584e-03,2.250503056952327888e-03
2.925000000000000000e+01,6.735755196213668965e-03,1.512284455842506344e-03
2.950000000000000000e+01,7.039832661843268766e-03,7.128096004053450282e-04
2.975000000000000000e+01,7.245004577935703835e-03,-1.366565713405527502e-04
3.000000000000000000e+01,7.343478621596867366e-03,-1.023469026117247195e-03
3.025000000000000000e+01,7.329159554631161332e-03,-1.933807372074709211e-03
3.050000000000000000e+01,7.197824707443144232e-03,-2.852911102730865556e-03
3.075000000000000000e+01,6.947265365386817368e-03,-3.765341072043056157e-03
3.100000000000000000e+01,6.577390094576989268e-03,-4.655262161661743309e-03
3.125000000000000000e+01,6.090286876166837310e-03,-5.506741385701561728e-03
3.150000000000000000e+01,5.490241901366971385e-03,-6.304055143600128565e-03
3.175000000000000000e+01,4.783713909684694961e-03,-7.031999071012940902e-03
3.200000000000000000e+01,3.979263927344533873e-03,-7.676193934668251208e-03
3.225000000000000000e+01,3.087441147568145434e-03,-8.223381162602625902e-03
3.250000000000000000e+01,2.120626530165061179e-03,-8.661701787357046697e-03
3.275000000000000000e+01,1.092836550606192825e-03,-8.980952772527070471e-03
3.300000000000000000e+01,1.949043156268059915e-05,-9.172814945243181958e-03
3.325000000000000000e+01,-1.082854883554449288e-03,-9.231047160800842297e-03
3.350000000000000000e+01,-2.196796879506819795e-03,-9.151641947623511200e-03
3.375000000000000000e+01,-3.304400865909813776e-03,-8.932938721956648620e-03
3.400000000000000000e+01,-4.387528204314943350e-03,-8.575691659090846006e-03
3.425000000000000000e+01,-5.428172613889651124e-03,-8.083090370593714810e-03
3.450000000000000000e+01,-6.408797648671720436e-03,-7.460732589899960777e-03
3.475000000000000000e+01,-7.312668420705124850e-03,-6.716549077248138919e-03
3.500000000000000000e+01,-8.124170732803628545e-03,-5.860681922764511900e-03
3.525000000000000000e+01,-8.829110980327396774e-03,-4.905318373091927669e-03
3.550000000000000000e+01,-9.414990501544300699e-03,-3.864483243718630501e-03
3.575000000000000000e+01,-9.871248522737517336e-03,-2.753793894205523469e-03
3.600000000000000000e+01,-1.018946846702198893e-02,-1.590182602266636616e-03
3.625000000000000000e+01,-1.036354316621458486e-02,-3.915919324185739903e-04
3.650000000000000000e+01,-1.038979540946524324e-02,8.233506772434002856e-04
3.675000000000000000e+01,-1.026705124918980173e-02,2.035672407478142463e-03
3.700000000000000000e+01,-9.996664528526683080e-03,3.226401606847837007e-03
3.725000000000000000e+01,-9.582492156372563949e-03,4.376914227685885748e-03
3.750000000000000000e+01,-9.030820700651904717e-03,5.469273015330777636e-03
3.775000000000000000e+01,-8.350245880730576206e-03,6.486552517476408541e-03
3.800000000000000000e+01,-7.551507526841091424e-03,7.413143299624094275e-03
3.825000000000000000e+01,-6.647283560031275185e-03,8.235029156172189377e-03
3.850000000000000000e+01,-5.651947518463778034e-03,8.940031623585512413e-03
3.875000000000000000e+01,-4.581295034150723033e-03,9.518016818090188277e-03
3.900000000000000000e+01,-3.452245323454437766e-03,9.961060591642546466e-03
3.925000000000000000e+01,-2.282524112475432364e-03,1.026356915675491130e-02
3.950000000000000000e+01,-1.090334517323407297e-03,1.042235347879874249e-02
3.975000000000000000e+01,1.059776000555429386e-04,1.043665668343187261e-02
4.000000000000000000e+01,1.288257212195777126e-03,1.030813444673171764e-02
4.025000000000000000e+01,2.438865888328446956e-03,1.004078899447545699e-02
4.050000000000000000e+01,3.540992867414096464e-03,9.640858171202098051e-03
4.075000000000000000e+01,4.578944734364090094e-03,9.116662157490410673e-03
4.100000000000000000e+01,5.538407585026164197e-03,8.478411694258967957e-03
4.125000000000000000e+01,6.406676547238218319e-03,7.737982838815155376e-03
4.150000000000000000e+01,7.172848689328908955e-03,6.908664077645580194e-03
4.175000000000000000e+01,7.827976454466652190e-03,6.004881978111735810e-03
4.200000000000000000e+01,8.365179672969286565e-03,5.041911588496966051e-03
4.225000000000000000e+01,8.779714943424023893e-03,4.035577695169792652e-03
4.250000000000000000e+01,9.069001859909654045e-03,3.001952975424204521e-03
4.275000000000000000e+01,9.232606323820901489e-03,1.957059083085636170e-03
4.300000000000000000e+01,9.272182067169244465e-03,9.165766975815102437e-04
4.325000000000000000e+01,9.191372488976791086e-03,-1.044295630309448775e-04
4.350000000000000000e+01,8.995675869248306866e-03,-1.091765807894512323e-03
4.375000000000000000e+01,8.692277876171159920e-03,-2.032338134533961081e-03
4.400000000000000000e+01,8.289855961776025628e-03,-2.914352255585574234e-03
4.425000000000000000e+01,7.798360739299824325e-03,-3.727480115033426824e-03
4.450000000000000000e+01,7.228779773489488018e-03,-4.462991004836552519e-03
4.475000000000000000e+01,6.592889417672614591e-03,-5.113845579952197920e-03
4.500000000000000000e+01,5.903000408160883825e-03,-5.674752049703410579e-03
4.525000000000000000e+01,5.171702874097294789e-03,-6.142184691099419197e-03
4.550000000000000000e+01,4.411616238222676109e-03,-6.514365666658788329e-03
4.575000000000000000e+01,3.635149183995738196e-03,-6.791211907816637958e-03
4.600000000000000000e+01,2.854274469903648071e-03,-6.974249524519895473e-03
4.625000000000000000e+01,2.080322900949424774e-03,-7.066498819085224176e-03
4.650000000000000000e+01,1.323800223457879781e-03,-7.072333525771791647e-03
4.675000000000000000e+01,5.942300855359972924e-04,-6.997318368227034568e-03
4.700000000000000000e+01,-9.997449887606814323e-05,-6.848029408505595939e-03
4.725000000000000000e+01,-7.516095105040436399e-04,-6.631861925483490371e-03
4.750000000000000000e+01,-1.354747229256165380e-03,-6.356830685048576839e-03
4.775000000000000000e+01,-1.904772379096846468e-03,-6.031367445969430807e-03
4.800000000000000000e+01,-2.398387741352368471e-03,-5.664120396398193702e-03
4.825000000000000000e+01,-2.833590531084251643e-03,-5.263759954925243713e-03
4.850000000000000000e+01,-3.209621420375483297e-03,-4.838795017544420679e-03
4.875000000000000000e+01,-3.526888603380965576e-03,-4.397403314280091784e-03
4.900000000000000000e+01,-3.786869747314454675e-03,-3.947279085141327734e-03
4.925000000000000000e+01,-3.991995086114670001e-03,-3.495500806250684180e-03
4.950000000000000000e+01,-4.145515292685127660e-03,-3.048421172690398816e-03
4.975000000000000000e+01,-4.251358066996503184e-03,-2.611580937147073549e-03
5.000000000000000000e+01,-4.313977523623183097e-03,-2.189647504456692425e-03
5.025000000000000000e+01,-4.338200402073760092e-03,-1.786378447894349138e-03
5.050000000000000000e+01,-4.329072887111031116e-03,-1.404609444726817894e-03
5.075000000000000000e+01,-4.291711521121184536e-03,-1.046265603211681341e-03
5.100000000000000000e+01,-4.231161425272004888e-03,-7.123947641040125761e-04
5.125000000000000000e+01,-4.152264846904434731e-03,-4.032210235947925633e-04
5.150000000000000000e+01,-4.059542841144006195e-03,-1.182163543113465596e-04
5.175000000000000000e+01,-3.957092560758305837e-03,1.438122187041962984e-04
5.200000000000000000e+01,-3.848502112176315718e-03,3.846228273680149653e-04
5.225000000000000000e+01,-3.736784284985063265e-03,6.064295656259769546e-04
5.250000000000000000e+01,-3.624329798622587251e-03,8.117871810505901137e-04
5.275000000000000000e+01,-3.512880148617416026e-03,1.003472852627128884e-03
5.300000000000000000e+01,-3.403519718388366838e-03,1.184368068707338309e-03
5.325000000000000000e+01,-3.296686511459598259e-03,1.357343420209256284e-03
5.350000000000000000e+01,-3.192200572389991380e-03,1.525148950805424669e-03
5.375000000000000000e+01,-3.089308839345177374e-03,1.690312542924610022e-03
5.400000000000000000e+01,-2.986744797189159247e-03,1.855048619242618971e-03
5.425000000000000000e+01,-2.882800919984197796e-03,2.021179161297937364e-03
5.450000000000000000e+01,-2.775411571619503231e-03,2.190068677548555765e-03
5.475000000000000000e+01,-2.662243825182312139e-03,2.362574315912397034e-03
5.500000000000000000e+01,-2.540793581176488403e-03,2.539011855678745613e-03
5.525000000000000000e+01,-2.408484390419768795e-03,2.719137874604626078e-03
5.550000000000000000e+01,-2.262766479985019435e-03,2.902147993664663025e-03
5.575000000000000000e+01,-2.101213606236012124e-03,3.086690755679291718e-03
5.600000000000000000e+01,-1.921615503527528915e-03,3.270896383161978407e-03
5.625000000000000000e+01,-1.722063862831887341e-03,3.452419374942476346e-03
5.650000000000000000e+01,-1.501029968184958716e-03,3.628493639521687339e-03
5.675000000000000000e+01,-1.257432342025297575e-03,3.795998631688228715e-03
5.700000000000000000e+01,-9.906929993324419328e-04,3.951534763551364966e-03
5.725000000000000000e+01,-7.007811809180935873e-04,4.091506203819622600e-03
5.750000000000000000e+01,-3.882437274337403898e-04,4.212209060062100871e-03
5.775000000000000000e+01,-5.422156736320271245e-05,4.309922860366946842e-03
5.800000000000000000e+01,2.995478808189327080e-04,4.381003219349640515e-03
5.825000000000000000e+01,6.707422632092425920e-04,4.421973595178561867e-03
5.850000000000000000e+01,1.056479359815803813e-03,4.429614120575076953e-03
5.875000000000000000e+01,1.453354946086038739e-03,4.401045615224830412e-03
5.900000000000000000e+01,1.857492483360512507e-03,4.333807047304461847e-03
5.925000000000000000e+01,2.264603472338284386e-03,4.225924894730548158e-03
5.950000000000000000e+01,2.670057131153409733e-03,4.075973053718284257e-03
5.975000000000000000e+01,3.068957910034128544e-03,3.883122151236992250e-03
6.000000000000000000e+01,3.456229226011291612e-03,3.647177341053962560e-03
6.025000000000000000e+01,3.826701698653308444e-03,3.368603902040199008e-03
6.050000000000000000e+01,4.175204099922354313e-03,3.048540210355981956e-03
6.075000000000000000e+01,4.496655205370818885e-03,2.688797917757557165e-03
6.100000000000000000e+01,4.786154752083398960e-03,2.291849427344426655e-03
6.125000000000000000e+01,5.039071766516070236e-03,1.860803005854046047e-03
6.150000000000000000e+01,5.251128614181072192e-03,1.399366100688270199e-03
6.175000000000000000e+01,5.418479235349439940e-03,9.117976374078254126e-04
6.200000000000000000e+01,5.537780163544727199e-03,4.028502610074491137e-04
6.225000000000000000e+01,5.606253077459286659e-03,-1.222963458467306850e-04
6.250000000000000000e+01,5.621737812435113023e-03,-6.581097837206980770e-04
6.275000000000000000e+01,5.582734951230050244e-03,-1.198785486863022508e-03
6.300000000000000000e+01,5.488437319292435029e-03,-1.738331999084287384e-03
6.325000000000000000e+01,5.338749923210202135e-03,-2.270659409442842003e-03
6.350000000000000000e+01,5.134298092291311559e-03,-2.789669351390759635e-03
6.375000000000000000e+01,4.876423811477749101e-03,-3.289344967371213985e-03
6.400000000000000000e+01,4.567170460911434623e-03,-3.763839269964948126e-03
6.425000000000000000e+01,4.209256388764963559e-03,-4.207560392644718768e-03
6.450000000000000000e+01,3.806037927899770870e-03,-4.615252314851973729e-03
6.475000000000000000e+01,3.361462625258533274e-03,-4.982069758450062731e-03
6.500000000000000000e+01,2.880013599494666426e-03,-5.303646077491552639e-03
6.525000000000000000e+01,2.366646089165293232e-03,-5.576153100934969076e-03
6.550000000000000000e+01,1.826717396350762161e-03,-5.796352046244192778e-03
6.575000000000000000e+01,1.265911546961105737e-03,-5.961634806276880708e-03
6.600000000000000000e+01,6.901600557050834419e-04,-6.070055116172713358e-03
6.625000000000000000e+01,1.055601947379614054e-04,-6.120349313451977670e-03
6.650000000000000000e+01,-4.817078619714232216e-04,-6.111946595681494628e-03
6.675000000000000000e+01,-1.065463682972700964e-03,-6.044968850673563231e-03
6.700000000000000000e+01,-1.639607704750375636e-03,-5.920220293713748978e-03
6.725000000000000000e+01,-2.198199555757653946e-03,-5.739167309164111726e-03
6.750000000000000000e+01,-2.735532343284032431e-03,-5.503909065821242091e-03
6.775000000000000000e+01,-3.246201760200510388e-03,-5.217139647346737824e-03
6.800000000000000000e+01,-3.725169014583557849e-03,-4.882102591268564634e-03
6.825000000000000000e+01,-4.167816768418297277e-03,-4.502538844265600512e-03
6.850000000000000000e+01,-4.569997462813008525e-03,-4.082629211221170708e-03
6.875000000000000000e+01,-4.928073580545799630e-03,-3.626932408441153975e-03
6.900000000000000000e+01,-5.238949542564870325e-03,-3.140319843003972541e-03
6.925000000000000000e+01,-5.500095061537649960e-03,-2.627908244027213781e-03
6.950000000000000000e+01,-5.709559900394138923e-03,-2.094991271997488375e-03
6.975000000000000000e+01,-5.865980121539301866e-03,-1.546971223239236625e-03
7.000000000000000000e+01,-5.968576065479795807e-03,-9.892919169975534100e-04
7.025000000000000000e+01,-6.017142455794573588e-03,-4.273737936572841959e-04
7.050000000000000000e+01,-6.012031174279956064e-03,1.334478371130291482e-04
7.075000000000000000e+01,-5.954127371794840605e-03,6.879805737410604489e-04
7.100000000000000000e+01,-5.844819670763033020e-03,1.231228029580036997e-03
7.125000000000000000e+01,-5.685965276117231799e-03,1.758437706393306977e-03
7.150000000000000000e+01,-5.479850847971740220e-03,2.265143204044828620e-03
7.175000000000000000e+01,-5.229150006249206131e-03,2.747200465081687127e-03
7.200000000000000000e+01,-4.936878337685244797e-03,3.200817877916446036e-03
7.225000000000000000e+01,-4.606346761105759892e-03,3.622580182087318124e-03
7.250000000000000000e+01,-4.241114079859632617e-03,4.009466232368807947e-03
7.275000000000000000e+01,-3.844939512517383910e-03,4.358860784932813183e-03
7.300000000000000000e+01,-3.421735944096127632e-03,4.668560568533088213e-03
7.325000000000000000e+01,-2.975524578104178901e-03,4.936774995979648258e-03
7.350000000000000000e+01,-2.510391593458459730e-03,5.162121952963599075e-03
7.375000000000000000e+01,-2.030447321839307703e-03,5.343619168442569761e-03
7.400000000000000000e+01,-1.539788364772093224e-03,5.480671720462800857e-03
7.425000000000000000e+01,-1.042462969638754348e-03,5.573056263083550448e-03
7.450000000000000000e+01,-5.424398819938186121e-04,5.620902574770227610e-03
7.475000000000000000e+01,-4.358079008108670175e-05,5.624673026515935453e-03
7.500000000000000000e+01,4.503836189183148741e-04,5.585140549229516624e-03
7.525000000000000000e+01,9.358740560915017282e-04,5.503365646849003694e-03
7.550000000000000000e+01,1.409479616089308850e-03,5.380672959189350749e-03
7.575000000000000000e+01,1.867971542272399681e-03,5.218627831642235967e-03
7.600000000000000000e+01,2.308314015465447611e-03,5.019013298443837472e-03
7.625000000000000000e+01,2.727672261229598712e-03,4.783807828620164834e-03
7.650000000000000000e+01,3.123418316821746556e-03,4.515164114895386070e-03
7.675000000000000000e+01,3.493134829959703997e-03,4.215389107096543381e-03
7.700000000000000000e+01,3.834617268600915615e-03,3.886925410940866681e-03
7.725000000000000000e+01,4.145874904845432002e-03,3.532334100766079763e-03
7.750000000000000000e+01,4.425130906808459261e-03,3.154278936266925043e-03
7.775000000000000000e+01,4.670821842005954024e-03,2.755511926139448536e-03
7.800000000000000000e+01,4.881596870192880626e-03,2.338860138207020378e-03
7.825000000000000000e+01,5.056316878877684107e-03,1.907213610338987951e-03
7.850000000000000000e+01,5.194053781714452409e-03,1.463514170261731541e-03
7.875000000000000000e+01,5.294090151733306902e-03,1.010744932567130125e-03
7.900000000000000000e+01,5.355919298700445239e-03,5.519202165949106415e-04
7.925000000000000000e+01,5.379245831084956443e-03,9.007562388215227317e-05
7.950000000000000000e+01,5.363986679028480420e-03,-3.717419737084460434e-04
7.975000000000000000e+01,5.310272502906857213e-03,-8.304847613267199143e-04
8.000000000000000000e+01,5.218449373467553762e-03,-1.283114824459586018e-03
8.025000000000000000e+01,5.089080579362308294e-03,-1.726615683975974954e-03
8.050000000000000000e+01,4.922948389815486221e-03,-2.158004673353878557e-03
8.075000000000000000e+01,4.721055570733157826e-03,-2.574346278291082379e-03
8.100000000000000000e+01,4.484626423374683639e-03,-2.972766519607795543e-03
8.125000000000000000e+01,4.215107091163717255e-03,-3.350468411438716539e-03
8.150000000000000000e+01,3.914164867992339820e-03,-3.704748471652329501e-03
8.175000000000000000e+01,3.583686243259294642e-03,-4.033014205891001860e-03
8.200000000000000000e+01,3.225773433779557334e-03,-4.332802435626479515e-03
8.225000000000000000e+01,2.842739176981679688e-03,-4.601798296683142289e-03
8.250000000000000000e+01,2.437099589652358487e-03,-4.837854697687624626e-03
8.275000000000000000e+01,2.011564929552119713e-03,-5.039011996411241201e-03
8.300000000000000000e+01,1.569028132885920456e-03,-5.203517624681967130e-03
8.325000000000000000e+01,1.112551039157678870e-03,-5.329845369124529275e-03
8.350000000000000000e+01,6.453482566212736171e-04,-5.416713996047090376e-03
8.375000000000000000e+01,1.707686661503045843e-04,-5.463104895386952826e-03
8.400000000000000000e+01,-3.077253917148625446e-04,-5.468278411788858248e-03
8.425000000000000000e+01,-7.865811532925370397e-04,-5.431788531425089592e-03
8.450000000000000000e+01,-1.262180549529515975e-03,-5.353495601673530224e-03
8.475000000000000000e+01,-1.730867214369237721e-03,-5.233576777583902849e-03
8.500000000000000000e+01,-2.188975147280551158e-03,-5.072533914029917455e-03
8.525000000000000000e+01,-2.632858752117103480e-03,-4.871198654642801100e-03
8.550000000000000000e+01,-3.058923938996328459e-03,-4.630734506396453481e-03
8.575000000000000000e+01,-3.463659947136418348e-03,-4.352635730138386914e-03
8.600000000000000000e+01,-3.843671524643683859e-03,-4.038722920864169438e-03
8.625000000000000000e+01,-4.195711085577709387e-03,-3.691135196265253951e-03
8.650000000000000000e+01,-4.516710454385362838e-03,-3.312318957863412579e-03
8.675000000000000000e+01,-4.803811802291484828e-03,-2.905013236026002688e-03
8.700000000000000000e+01,-5.054397379464663220e-03,-2.472231678391945998e-03
8.725000000000000000e+01,-5.266117651647380001e-03,-2.017241290336680825e-03
8.750000000000000000e+01,-5.436917461687496705e-03,-1.543538085037095536e-03
8.775000000000000000e+01,-5.565059855568205496e-03,-1.054819847947230035e-03
8.800000000000000000e+01,-5.649147238339521926e-03,-5.549562645165119967e-04
8.825000000000000000e+01,-5.688139556220888834e-03,-4.795669973734081014e-05
8.850000000000000000e+01,-5.681369235826785533e-03,4.620640467810930912e-04
8.875000000000000000e+01,-5.628552649702468248e-03,9.709216561186473924e-04
8.900000000000000000e+01,-5.529797919331092514e-03,1.474399496134871619e-03
8.925000000000000000e+01,-5.385608912084788834e-03,1.968286718515761726e-03
8.950000000000000000e+01,-5.196885335891429300e-03,2.448416832227281580e-03
8.975000000000000000e+01,-4.964918883163720563e-03,2.910706329543055054e-03
9.000000000000000000e+01,-4.691385423163029963e-03,3.351192936830053436e-03
9.025000000000000000e+01,-4.378333289790148353e-03,3.766073063838117074e-03
9.050000000000000000e+01,-4.028167760083597657e-03,4.151738032986219094e-03
9.075000000000000000e+01,-3.643631866566599768e-03,4.504808684446002381e-03
9.100000000000000000e+01,-3.227783732008372014e-03,4.822167973103455053e-03
9.125000000000000000e+01,-2.783970656297343922e-03,5.100991198215039032e-03
9.150000000000000000e+01,-2.315800221535090856e-03,5.338773534292943004e-03
9.175000000000000000e+01,-1.827108714189624354e-03,5.533354562084698107e-03
9.200000000000000000e+01,-1.321927193433447079e-03,5.682939532346326442e-03
9.225000000000000000e+01,-8.044455626129240087e-04,5.786117133560446033e-03
9.250000000000000000e+01,-2.789750245356473223e-04,5.841873577806118954e-03
9.275000000000000000e+01,2.500906812444888931e-04,5.849602864953767217e-03
9.300000000000000000e+01,7.783148508908763153e-04,5.809113131647440642e-03
9.325000000000000000e+01,1.301257786972704559e-03,5.720629036143268578e-03
9.350000000000000000e+01,1.814516757519067615e-03,5.584790172626362056e-03
9.375000000000000000e+01,2.313765538429260558e-03,5.402645550241580788e-03
9.400000000000000000e+01,2.794793141823114727e-03,5.175644214122136766e-03
9.425000000000000000e+01,3.253541344264211741e-03,4.905622128483080185e-03
9.450000000000000000e+01,3.686140645455192842e-03,4.594785484000492130e-03
9.475000000000000000e+01,4.088944310830557212e-03,4.245690630806066984e-03
9.500000000000000000e+01,4.458560179822547778e-03,3.861220872303080739e-03
9.525000000000000000e+01,4.791879953552461574e-03,3.444560382827052333e-03
9.550000000000000000e+01,5.086105709117606267e-03,2.999165534703845254e-03
9.575000000000000000e+01,5.338773421095377100e-03,2.528733939160497223e-03
9.600000000000000000e+01,5.547773304263074572e-03,2.037171522217236849e-03
9.625000000000000000e+01,5.711366825708396461e-03,1.528557971383237134e-03
9.650000000000000000e+01,5.828200270419719130e-03,1.007110900711710591e-03
9.675000000000000000e+01,5.897314782209919955e-03,4.771490889981311388e-04
9.700000000000000000e+01,5.918152840443124257e-03,-5.694485250528487331e-05
9.725000000000000000e+01,5.890561170896430575e-03,-5.907620306115717555e-04
9.750000000000000000e+01,5.814790124802349247e-03,-1.119904695643615536e-03
9.775000000000000000e+01,5.691489593014468357e-03,-1.640023210917786059e-03
9.800000000000000000e+01,5.521701552268643530e-03,-2.146852250215582937e-03
9.825000000000000000e+01,5.306849367830368362e-03,-2.636245923778414175e-03
9.850000000000000000e+01,5.048724001556571805e-03,-3.104211551394842495e-03
9.875000000000000000e+01,4.749467296711598271e-03,-3.546941820527888325e-03
9.900000000000000000e+01,4.411552531004438345e-03,-3.960845088216881013e-03
9.925000000000000000e+01,4.037762447392310994e-03,-4.342573607877244814e-03
9.950000000000000000e+01,3.631164987970722253e-03,-4.689049486185219509e-03
9.975000000000000000e+01,3.195086969166452146e-03,-4.997488200641607946e-03
1.000000000000000000e+02,2.733085945983295718e-03,-5.265419534395556801e-03
1.002500000000000000e+02,2.248920519275734563e-03,-5.490705810633527556e-03
1.005000000000000000e+02,1.746519343477973257e-03,-5.671557333784617815e-03
1.007500000000000000e+02,1.229949093488498556e-03,-5.806544968844474554e-03
1.010000000000000000e+02,7.033816487520493620e-04,-5.894609813236206981e-03
1.012500000000000000e+02,1.710607499929997575e-04,-5.935069937548797560e-03
1.015000000000000000e+02,-3.627316203096552383e-04,-5.927624191845050523e-03
1.017500000000000000e+02,-8.937088882280553453e-04,-5.872353092922249183e-03
1.020000000000000000e+02,-1.417613330198874829e-03,-5.769716825401233727e-03
1.022500000000000000e+02,-1.930249073599514921e-03,-5.620550406568817006e-03
1.025000000000000000e+02,-2.427514430528967485e-03,-5.426056081920071703e-03
1.027500000000000000e+02,-2.905433347692146142e-03,-5.187793034990532612e-03
1.030000000000000000e+02,-3.360185765282205136e-03,-4.907664510416200575e-03
1.032500000000000000e+02,-3.788136688859999532e-03,-4.587902462433748017e-03
1.035000000000000000e+02,-4.185863789559976164e-03,-4.231049852247836286e-03
1.037500000000000000e+02,-4.550183358780982533e-03,-3.839940727688187939e-03
1.040000000000000000e+02,-4.878174453778683778e-03,-3.417678228456704024e-03
1.042500000000000000e+02,-5.167201080823544644e-03,-2.967610670630884892e-03
1.045000000000000000e+02,-5.414932273571829158e-03,-2.493305874715615392e-03
1.047500000000000000e+02,-5.619359936410356360e-03,-1.998523911591265894e-03
1.050000000000000000e+02,-5.778814335583002532e-03,-1.487188449408371593e-03
1.052500000000000000e+02,-5.891977134308935132e-03,-9.633568916345452331e-04
1.055000000000000000e+02,-5.957891881339032886e-03,-4.311895025854094957e-04
1.057500000000000000e+02,-5.975971875396745604e-03,1.050822772874390032e-04
1.060000000000000000e+02,-5.946005341167006839e-03,6.411881177269405018e-04
1.062500000000000000e+02,-5.868157866612565277e-03,1.172851471306151803e-03
1.065000000000000000e+02,-5.742972066906641519e-03,1.695822410728999464e-03
1.067500000000000000e+02,-5.571364457183429660e-03,2.205910404108565783e-03
1.070000000000000000e+02,-5.354619534187406681e-03,2.699016798371637292e-03
1.072500000000000000e+02,-5.094381085161638414e-03,3.171166779698478960e-03
1.075000000000000000e+02,-4.792640760573584936e-03,3.618540580169378636e-03
1.077500000000000000e+02,-4.451723965528715452e-03,4.037503701061816684e-03
1.080000000000000000e+02,-4.074273143245033674e-03,4.424635925321739049e-03
1.082500000000000000e+02,-3.663228543053215821e-03,4.776758894842377152e-03
1.085000000000000000e+02,-3.221806585110152839e-03,5.090962032834812218e-03
1.087500000000000000e+02,-2.753475954117118665e-03,5.364626598286591219e-03
1.090000000000000000e+02,-2.261931574350073589e-03,5.595447668580295214e-03
1.092500000000000000e+02,-1.751066637757134770e-03,5.781453857782552219e-03
1.095000000000000000e+02,-1.224942875404266785e-03,5.921024591711361758e-03
1.097500000000000000e+02,-6.877592799613341983e-04,6.012904776380872257e-03
1.100000000000000000e+02,-1.438195031050614630e-04,6.056216713606114854e-03
1.102500000000000000e+02,4.025018334295924166e-04,6.050469136322063173e-03
1.105000000000000000e+02,9.467936610197048202e-04,5.995563256492788574e-03
1.107500000000000000e+02,1.484643557642080849e-03,5.891795740330869544e-03
1.110000000000000000e+02,2.011673137834095113e-03,5.739858548858159902e-03
1.112500000000000000e+02,2.523573457444981943e-03,5.540835606501326623e-03
1.115000000000000000e+02,3.016140146027476189e-03,5.296196286247486194e-03
1.117500000000000000e+02,3.485307976841378608e-03,5.007785726642223663e-03
1.120000000000000000e+02,3.927184584274227321e-03,4.677812023289272363e-03
1.122500000000000000e+02,4.338083041081092911e-03,4.308830365149300158e-03
1.125000000000000000e+02,4.714553013225752758e-03,3.903724213437879259e-03
1.127500000000000000e+02,5.053410218257694403e-03,3.465683647894784915e-03
1.130000000000000000e+02,5.351763924002321537e-03,2.998181031314897660e-03
1.132500000000000000e+02,5.607042237725311240e-03,2.504944168288672328e-03
1.135000000000000000e+02,5.817014951689763146e-03,1.989927157993930280e-03
1.137500000000000000e+02,5.979813729075213885e-03,1.457279163488361430e-03
1.140000000000000000e+02,6.093949434567713826e-03,9.113113410492557206e-04
1.142500000000000000e+02,6.158326436542353038e-03,3.564621923404815308e-04
1.145000000000000000e+02,6.172253732493780849e-03,-2.027383808166117205e-04
1.147500000000000000e+02,6.135452775904555456e-03,-7.617060248047293576e-04
1.150000000000000000e+02,6.048061910698702623e-03,-1.315839579608134345e-03
1.152500000000000000e+02,5.910637348460977790e-03,-1.860559106049591545e-03
1.155000000000000000e+02,5.724150653460310066e-03,-2.391343973409562357e-03
1.157500000000000000e+02,5.489982730958185494e-03,-2.903770682681580933e-03
1.160000000000000000e+02,5.209914345030089954e-03,-3.393550100483601426e-03
1.162500000000000000e+02,4.886113222846442776e-03,-3.856563781421275261e-03
1.165000000000000000e+02,4.521117832742835470e-03,-4.288899062350114318e-03
1.167500000000000000e+02,4.117817953205448779e-03,-4.686882620395434532e-03
1.170000000000000000e+02,3.679432178897327349e-03,-5.047112197760463687e-03
1.172500000000000000e+02,3.209482537805738358e-03,-5.366486210354295787e-03
1.175000000000000000e+02,2.711766420169620020e-03,-5.642230974122125660e-03
1.177500000000000000e+02,2.190326044693778011e-03,-5.871925302494083662e-03
1.180000000000000000e+02,1.649415710369479381e-03,-6.053522250259624204e-03
1.182500000000000000e+02,1.093467102818465207e-03,-6.185367803042352876e-03
1.185000000000000000e+02,5.270529423676459076e-04,-6.266216337125425466e-03
1.187500000000000000e+02,-4.515072304410697488e-05,-6.295242701539516088e-03
1.190000000000000000e+02,-6.184032636885462668e-04,-6.272050803017316205e-03
1.192500000000000000e+02,-1.187938925613861961e-03,-6.196678604499640183e-03
1.195000000000000000e+02,-1.749006665427632699e-03,-6.069599479030263547e-03
1.197500000000000000e+02,-2.296910023345067730e-03,-5.891719892632196580e-03
1.200000000000000000e+02,-2.827046694206085137e-03,-5.664373421644021238e-03
1.202500000000000000e+02,-3.334947457780341844e-03,-5.389311141655913490e-03
1.205000000000000000e+02,-3.816314134142096207e-03,-5.068688456441555572e-03
1.207500000000000000e+02,-4.267056237169823685e-03,-4.705048466046176346e-03
1.210000000000000000e+02,-4.683326009343850155e-03,-4.301302003343821651e-03
1.212500000000000000e+02,-5.061551534019236888e-03,-3.860704497660202503e-03
1.215000000000000000e+02,-5.398467637200918441e-03,-3.386829852072805597e-03
1.217500000000000000e+02,-5.691144309371743912e-03,-2.883541547302076805e-03
1.220000000000000000e+02,-5.937012398826362752e-03,-2.354961209341671202e-03
1.222500000000000000e+02,-6.133886350916176178e-03,-1.805434899962393529e-03
1.225000000000000000e+02,-6.279983792342796675e-03,-1.239497408930849680e-03
1.227500000000000000e+02,-6.373941785991467379e-03,-6.618348442111249763e-04
1.230000000000000000e+02,-6.414829609676622052e-03,-7.724583148409386757e-05
1.232500000000000000e+02,-6.402157941439514353e-03,5.093983531609328885e-04
1.235000000000000000e+02,-6.335884364451282481e-03,1.093194383762336602e-03
1.237500000000000000e+02,-6.216415135785605291e-03,1.669247877850216352e-03
1.240000000000000000e+02,-6.044603194965025850e-03,2.232714438459073962e-03
1.242500000000000000e+02,-5.821742419920049663e-03,2.778840399848494895e-03
1.245000000000000000e+02,-5.549558169550725464e-03,3.303002934187363512e-03
1.247500000000000000e+02,-5.230194183208755968e-03,3.800749181526964868e-03
1.250000000000000000e+02,-4.866195937895705786e-03,4.267834073213346707e-03
1.252500000000000000e+02,-4.460490593598358082e-03,4.700256529352186095e-03
1.255000000000000000e+02,-4.016363685767613059e-03,5.094293723953530542e-03
1.257500000000000000e+02,-3.537432751283290863e-03,5.446533126902002725e-03
1.260000000000000000e+02,-3.027618100100546057e-03,5.753902049877831874e-03
1.262500000000000000e+02,-2.491110968865097464e-03,6.013694443683356532e-03
1.265000000000000000e+02,-1.932339314862769686e-03,6.223594716908496804e-03
1.267500000000000000e+02,-1.355931528536492674e-03,6.381698370223057824e-03
1.270000000000000000e+02,-7.666783603447400704e-04,6.486529266550562431e-03
1.272500000000000000e+02,-1.694933728673887101e-04,6.537053384742621577e-03
1.275000000000000000e+02,4.306277582941825410e-04,6.532688932952618842e-03
1.277500000000000000e+02,1.028648761228195558e-03,6.473312727505981835e-03
1.280000000000000000e+02,1.619534761069631309e-03,6.359262773434295850e-03
1.282500000000000000e+02,2.198294404387656983e-03,6.191337013707941782e-03
1.285000000000000000e+02,2.760021767055535497e-03,5.970788245316709097e-03
1.287500000000000000e+02,3.299937698836455033e-03,5.699315231510745407e-03
1.290000000000000000e+02,3.813430261432964718e-03,5.379050070551565262e-03
1.292500000000000000e+02,4.296093923031382190e-03,5.012541912035944729e-03
1.295000000000000000e+02,4.743767181439865165e-03,4.602737141981391895e-03
1.297500000000000000e+02,5.152568299705505804e-03,4.152956187090390237e-03
1.300000000000000000e+02,5.518928852458907484e-03,3.666867116633648789e-03
1.302500000000000000e+02,5.839624797985712087e-03,3.148456246976522564e-03
1.305000000000000000e+02,6.111804809981346079e-03,2.601995978758351886e-03
1.307500000000000000e+02,6.333015623985559402e-03,2.032010120019027161e-03
1.310000000000000000e+02,6.501224176527467882e-03,1.443236970040573343e-03
1.312500000000000000e+02,6.614836339961487587e-03,8.405904581687925108e-04
1.315000000000000000e+02,6.672712082696514481e-03,2.291196491872407614e-04
1.317500000000000000e+02,6.674176912797475172e-03,-3.860330582899628988e-04
1.320000000000000000e+02,6.619029492503611910e-03,-9.996747016350802061e-04
1.322500000000000000e+02,6.507545341774235645e-03,-1.606605143846025468e-03
1.325000000000000000e+02,6.340476580306821965e-03,-2.201660727723127233e-03
1.327500000000000000e+02,6.119047689371321166e-03,-2.779757835136011882e-03
1.330000000000000000e+02,5.844947307092718952e-03,-3.335935990535299125e-03
1.332500000000000000e+02,5.520316103289074280e-03,-3.865400149298343826e-03
1.335000000000000000e+02,5.147730812379880914e-03,-4.363561815833509432e-03
1.337500000000000000e+02,4.730184534926551963e-03,-4.826078643645089622e-03
1.340000000000000000e+02,4.271063449737288499e-03,-5.248892179755843684e-03
1.342500000000000000e+02,3.774120108879516679e-03,-5.628263428909386842e-03
1.345000000000000000e+02,3.243443517154880485e-03,-5.960805928712270725e-03
1.347500000000000000e+02,2.683426225400781413e-03,-6.243516045197547264e-03
1.350000000000000000e+02,2.098728693203551210e-03,-6.473800219084239506e-03
1.352500000000000000e+02,1.494241201029193177e-03,-6.649498916157821696e-03
1.355000000000000000e+02,8.750436141780236965e-04,-6.768907060582605127e-03
1.357500000000000000e+02,2.463633211102706833e-04,-6.830790757418750761e-03
1.360000000000000000e+02,-3.864683136491272870e-04,-6.834400139962197238e-03
1.362500000000000000e+02,-1.018060626824639605e-03,-6.779478208523008996e-03
1.365000000000000000e+02,-1.643009096555659698e-03,-6.666265559647435376e-03
1.367500000000000000e+02,-2.255941168828851096e-03,-6.495500938302695496e-03
1.370000000000000000e+02,-2.851562087417883022e-03,-6.268417579909703677e-03
1.372500000000000000e+02,-3.424700341507989996e-03,-5.986735344063479937e-03
1.375000000000000000e+02,-3.970352345286205786e-03,-5.652648677054428715e-03
1.377500000000000000e+02,-4.483725967088460565e-03,-5.268810475614693102e-03
1.380000000000000000e+02,-4.960282532234616508e-03,-4.838311959372749299e-03
1.382500000000000000e+02,-5.395776933447424956e-03,-4.364658693993195802e-03
1.385000000000000000e+02,-5.786295495701392587e-03,-3.851742940618215708e-03
1.387500000000000000e+02,-6.128291258417267739e-03,-3.303812539713008815e-03
1.390000000000000000e+02,-6.418616356999650580e-03,-2.725436568462793249e-03
1.392500000000000000e+02,-6.654551207685029633e-03,-2.121468040186851294e-03
1.395000000000000000e+02,-6.833830224356478647e-03,-1.497003941541730221e-03
1.397500000000000000e+02,-6.954663823200799011e-03,-8.573429283176382332e-04
1.400000000000000000e+02,-7.015756500615363996e-03,-2.079410231610886138e-04
1.402500000000000000e+02,-7.016320801392129242e-03,4.456343216169836243e-04
1.405000000000000000e+02,-6.956087027675167400e-03,1.097751416050330147e-03
1.407500000000000000e+02,-6.835308574255950093e-03,1.742762385372097645e-03
1.410000000000000000e+02,-6.654762812161555720e-03,2.375051679103143062e-03
1.412500000000000000e+02,-6.415747479896874265e-03,2.989084624495738900e-03
1.415000000000000000e+02,-6.120072579808477978e-03,3.579455608663802569e-03
1.417500000000000000e+02,-5.770047815507800548e-03,4.140935473477514242e-03
1.420000000000000000e+02,-5.368465644804050647e-03,4.668517710607745889e-03
1.422500000000000000e+02,-4.918580060811048559e-03,5.157463050980001622e-03
1.425000000000000000e+02,-4.424081251483271554e-03,5.603342053315884565e-03
1.427500000000000000e+02,-3.889066324460589957e-03,6.002075310352876156e-03
1.430000000000000000e+02,-3.318006319441159802e-03,6.349970908648639757e-03
1.432500000000000000e+02,-2.715709764044639367e-03,6.643758798472926275e-03
1.435000000000000000e+02,-2.087283060977851781e-03,6.880621754008686176e-03
1.437500000000000000e+02,-1.438088023996427368e-03,7.058222630760909930e-03
1.440000000000000000e+02,-7.736969073808648220e-04,7.174727656511660674e-03
1.442500000000000000e+02,-9.984529814873806957e-05,7.228825524148882638e-03
1.445000000000000000e+02,5.776167382523411838e-04,7.219742088983047840e-03
1.447500000000000000e+02,1.252774849699263542e-03,7.147250509462961358e-03
1.450000000000000000e+02,1.919701502573572388e-03,7.011676708202536218e-03
1.452500000000000000e+02,2.572507564914991440e-03,6.813900069615330332e-03
1.455000000000000000e+02,3.205393924301992541e-03,6.555349330896497947e-03
1.457500000000000000e+02,3.812702693158319216e-03,6.237993664270089292e-03
1.460000000000000000e+02,4.388967553949142328e-03,5.864328989992778976e-03
1.462500000000000000e+02,4.928962800367523399e-03,5.437359601221703614e-03
1.465000000000000000e+02,5.427750638131993710e-03,4.960575223155187959e-03
1.467500000000000000e+02,5.880726320383960863e-03,4.437923669456248117e-03
1.470000000000000000e+02,6.283660707812594934e-03,3.873779298520334258e-03
1.472500000000000000e+02,6.632739862434514772e-03,3.272907510290052648e-03
1.475000000000000000e+02,6.924601306285603497e-03,2.640425560730755728e-03
1.477500000000000000e+02,7.156366601994952094e-03,1.981760005440488283e-03
1.480000000000000000e+02,7.325669941136263470e-03,1.302601115868792445e-03
1.482500000000000000e+02,7.430682458181900492e-03,6.088546409473232467e-04
1.485000000000000000e+02,7.470132022570057789e-03,-9.340868669803334054e-05
1.487500000000000000e+02,7.443318298550462980e-03,-7.980054776460017039e-04
1.490000000000000000e+02,7.350122901779259504e-03,-1.498693403698769886e-03
1.492500000000000000e+02,7.191014522772418149e-03,-2.189225848991558417e-03
1.495000000000000000e+02,6.967048929961374391e-03,-2.863407023931924689e-03
1.497500000000000000e+02,6.679863808888970855e-03,-3.515147063425387054e-03
1.500000000000000000e+02,6.331668438678096818e-03,-4.138516626622429362e-03
1.502500000000000000e+02,5.925228251930560880e-03,-4.727800515346090339e-03
1.505000000000000000e+02,5.463844369280682241e-03,-5.277549832476064948e-03
1.507500000000000000e+02,4.951328244542215970e-03,-5.782632209877479335e-03
1.510000000000000000e+02,4.391971600354188827e-03,-6.238279647946438043e-03
1.512500000000000000e+02,3.790511877057655549e-03,-6.640133525428955005e-03
1.515000000000000000e+02,3.152093458835662949e-03,-6.984286358750911063e-03
1.517500000000000000e+02,2.482224980560624773e-03,-7.267319914530631295e-03
1.520000000000000000e+02,1.786733055960306902e-03,-7.486339307059093270e-03
1.522500000000000000e+02,1.071712802305474065e-03,-7.639002744116848639e-03
1.525000000000000000e+02,3.434755685172077443e-04,-7.723546619333297725e-03
1.527500000000000000e+02,-3.915056979246211446e-04,-7.738805687112979004e-03
1.530000000000000000e+02,-1.126652984902541807e-03,-7.684228096673175953e-03
1.532500000000000000e+02,-1.855341168813496320e-03,-7.559885104621313912e-03
1.535000000000000000e+02,-2.570956888103172709e-03,-7.366475330404840573e-03
1.537500000000000000e+02,-3.266957825250761845e-03,-7.105323465515781499e-03
1.540000000000000000e+02,-3.936931876507301052e-03,-6.778373395146583720e-03
1.542500000000000000e+02,-4.574655684366080687e-03,-6.388175739675072337e-03
1.545000000000000000e+02,-5.174152007949840877e-03,-5.937869872502042103e-03
1.547500000000000000e+02,-5.729745411283005546e-03,-5.431160519950118531e-03
1.550000000000000000e+02,-6.236115758793650717e-03,-4.872289097736383356e-03
1.552500000000000000e+02,-6.688349021321318526e-03,-4.265999986523447488e-03
1.555000000000000000e+02,-7.081984914328197725e-03,-3.617501995815349848e-03
1.557500000000000000e+02,-7.413060912813061211e-03,-2.932425310577694427e-03
1.560000000000000000e+02,-7.678152214473508985e-03,-2.216774258021795251e-03
1.562500000000000000e+02,-7.874407253773620108e-03,-1.476876272594376772e-03
1.565000000000000000e+02,-7.999578404533011500e-03,-7.193274749793024912e-04
1.567500000000000000e+02,-8.052047547198144112e-03,4.906468452650743423e-05
1.570000000000000000e+02,-8.030846218790105295e-03,8.213412368896417549e-04
1.572500000000000000e+02,-7.935670108312614657e-03,1.590453450938236974e-03
1.575000000000000000e+02,-7.766887707802407059e-03,2.349326004121497086e-03
1.577500000000000000e+02,-7.525542978839152609e-03,3.090921017219623677e-03
1.580000000000000000e+02,-7.213351945807056596e-03,3.808302388732833204e-03
1.582500000000000000e+02,-6.832693180106698579e-03,4.494699855401408130e-03
1.585000000000000000e+02,-6.386592193405342052e-03,5.143572200960048850e-03
1.587500000000000000e+02,-5.878699812429471171e-03,5.748669035921787768e-03
1.590000000000000000e+02,-5.313264662268514169e-03,6.304090576973763078e-03
1.592500000000000000e+02,-4.695099939199312393e-03,6.804344865467222558e-03
1.595000000000000000e+02,-4.029544707178769891e-03,7.244401880464578121e-03
1.597500000000000000e+02,-3.322420003917024665e-03,7.619744022794074263e-03
1.600000000000000000e+02,-2.579980092377242087e-03,7.926412472449000796e-03
1.602500000000000000e+02,-1.808859241183649559e-03,8.161048952300763160e-03
1.605000000000000000e+02,-1.016014462311635135e-03,8.320932466275059863e-03
1.607500000000000000e+02,-2.086646761439408919e-04,8.404010619628745835e-03
1.610000000000000000e+02,6.057731879090258930e-04,8.408925172473618107e-03
1.612500000000000000e+02,1.419750612895429292e-03,8.335031524900126526e-03
1.615000000000000000e+02,2.225655865792614679e-03,8.182411882595455599e-03
1.617500000000000000e+02,3.015883721707007543e-03,7.951881905335796835e-03
1.620000000000000000e+02,3.782905923364450473e-03,7.644990696737378674e-03
1.622500000000000000e+02,4.519341743468768824e-03,7.264014051726359368e-03
1.625000000000000000e+02,5.218028007937483559e-03,6.811940937853845635e-03
1.627500000000000000e+02,5.872087934043007662e-03,6.292453247343986374e-03
1.630000000000000000e+02,6.474998139214927818e-03,5.709898918093929583e-03
1.632500000000000000e+02,7.020653183774473033e-03,5.069258583218703464e-03
1.635000000000000000e+02,7.503427024198422793e-03,4.376105969600078971e-03
1.637500000000000000e+02,7.918230772618778043e-03,3.636562325714798316e-03
1.640000000000000000e+02,8.260566183082329247e-03,2.857245217241017720e-03
1.642500000000000000e+02,8.526574315493090292e-03,2.045212085027743772e-03
1.645000000000000000e+02,8.713078863963523088e-03,1.207899013437982623e-03
1.647500000000000000e+02,8.817623677281803685e-03,3.530552073183781904e-04
1.650000000000000000e+02,8.838504045087083871e-03,-5.113262775926570754e-04
1.652500000000000000e+02,8.774791373804805353e-03,-1.377080963606417243e-03
1.655000000000000000e+02,8.626350931066508257e-03,-2.235947914367269682e-03
1.657500000000000000e+02,8.393852395803869104e-03,-3.079646574701124916e-03
1.660000000000000000e+02,8.078773013015946858e-03,-3.899954801883667721e-03
1.662500000000000000e+02,7.683393216863962719e-03,-4.688787381558821681e-03
1.665000000000000000e+02,7.210784652723342854e-03,-5.438274305951945088e-03
1.667500000000000000e+02,6.664790597557627809e-03,-6.140838082717618371e-03
1.670000000000000000e+02,6.049998847896249747e-03,-6.789269339937099856e-03
1.672500000000000000e+02,5.371707215188628939e-03,-7.376799996575303907e-03
1.675000000000000000e+02,4.635881838757990696e-03,-7.897173278209334429e-03
1.677500000000000000e+02,3.849108596353698585e-03,-8.344709875082586756e-03
1.680000000000000000e+02,3.018537960764398551e-03,-8.714369563491116202e-03
1.682500000000000000e+02,2.151823717460694344e-03,-9.001807642083409569e-03
1.685000000000000000e+02,1.257056022158445753e-03,-9.203425571704469677e-03
1.687500000000000000e+02,3.426893378975871601e-04,-9.316415250725721200e-03
1.690000000000000000e+02,-5.825341518829786364e-04,-9.338796407107741518e-03
1.692500000000000000e+02,-1.509665005314713608e-03,-9.269446643414206224e-03
1.695000000000000000e+02,-2.429630162646569287e-03,-9.108123731247592947e-03
1.697500000000000000e+02,-3.333319026888089797e-03,-8.855479816673799201e-03
1.700000000000000000e+02,-4.211671210040189399e-03,-8.513067267648690567e-03
1.702500000000000000e+02,-5.055765140806475245e-03,-8.083335967719302781e-03
1.705000000000000000e+02,-5.856906706909064536e-03,-7.569621936756659557e-03
1.707500000000000000e+02,-6.606717089538187426e-03,-6.976127238567253128e-03
1.710000000000000000e+02,-7.297218939334490680e-03,-6.307891216258950350e-03
1.712500000000000000e+02,-7.920920042873763264e-03,-5.570753178511633763e-03
1.715000000000000000e+02,-8.470893636058589651e-03,-4.771306742702462363e-03
1.717500000000000000e+02,-8.940854536223400567e-03,-3.916846123416857332e-03
1.720000000000000000e+02,-9.325230288159713429e-03,-3.015304736482149906e-03
1.722500000000000000e+02,-9.619226550621843078e-03,-2.075186568534243686e-03
1.725000000000000000e+02,-9.818885989078101825e-03,-1.105490839495053539e-03
1.727500000000000000e+02,-9.921139987335974089e-03,-1.156305594459573359e-04
1.730000000000000000e+02,-9.923852544944671353e-03,8.846543485156442045e-04
1.732500000000000000e+02,-9.825855788641781746e-03,1.885388622496116063e-03
1.735000000000000000e+02,-9.626976594154701763e-03,2.876457136252689919e-03
1.737500000000000000e+02,-9.328053888934071530e-03,3.847703423236042194e-03
1.740000000000000000e+02,-8.930946286343948923e-03,4.789030352573320909e-03
1.742500000000000000e+02,-8.438529786865501744e-03,5.690502019665688409e-03
1.745000000000000000e+02,-7.854685371327637181e-03,6.542445882286119195e-03
1.747500000000000000e+02,-7.184276404353176666e-03,7.335554149652664599e-03
1.750000000000000000e+02,-6.433115862329188625e-03,8.060983417328306325e-03
1.752500000000000000e+02,-5.607923498473933906e-03,8.710451535323860892e-03
1.755000000000000000e+02,-4.716273157120860586e-03,9.276330700730178042e-03
1.757500000000000000e+02,-3.766530549292530436e-03,9.751735779784876518e-03
1.760000000000000000e+02,-2.767781901075495009e-03,1.013060688759962781e-02
1.762500000000000000e+02,-1.729753984308185196e-03,1.040778528688731004e-02
1.765000000000000000e+02,-6.627261347088913776e-04,1.057908170986629481e-02
1.767500000000000000e+02,4.225650451438431082e-04,1.064133625996188659e-02
1.770000000000000000e+02,1.515027512557962606e-03,1.059246911173035779e-02
1.772500000000000000e+02,2.603321272975730148e-03,1.043152129829026664e-02
1.775000000000000000e+02,3.675970584811219608e-03,1.015868495504588208e-02
1.777500000000000000e+02,4.721479866278317089e-03,9.775322476134461203e-03
1.780000000000000000e+02,5.728452227770991501e-03,9.283974135233536568e-03
1.782500000000000000e+02,6.685709500165759253e-03,8.688353824455988944e-03
1.785000000000000000e+02,7.582412585610874209e-03,7.993332673287736889e-03
1.787500000000000000e+02,8.408180923644108587e-03,7.204910423049482732e-03
1.790000000000000000e+02,9.153209842434655713e-03,6.330174550294739508e-03
1.792500000000000000e+02,9.808384553127477701e-03,5.377247253916209169e-03
1.795000000000000000e+02,1.036538954512208205e-02,4.355220544490111777e-03
1.797500000000000000e+02,1.081681215200877740e-02,3.274079799460465762e-03
1.800000000000000000e+02,1.115623908207619662e-02,2.144616273015359249e-03
1.802500000000000000e+02,1.137834474395631006e-02,9.783291737640652068e-04
1.805000000000000000e+02,1.147897024714357450e-02,-2.126819546126119595e-04
1.807500000000000000e+02,1.145519201875336984e-02,-1.415833695920713656e-03
1.810000000000000000e+02,1.130537905180172692e-02,-2.618183099403621240e-03
1.812500000000000000e+02,1.102923788620701652e-02,-3.806558817150034520e-03
1.815000000000000000e+02,1.062784452122413764e-02,-4.967697864010582783e-03
1.817500000000000000e+02,1.010366256660763691e-02,-6.088386730364294536e-03
1.820000000000000000e+02,9.460547058806199200e-03,-7.155605494843252957e-03
1.822500000000000000e+02,8.703733497162875060e-03,-8.156673511492544201e-03
1.825000000000000000e+02,7.839811792547871430e-03,-9.079395184887680340e-03
1.827500000000000000e+02,6.876684966102703141e-03,-9.912204298459709184e-03
1.830000000000000000e+02,5.823512587720067364e-03,-1.064430532662159236e-02
1.832500000000000000e+02,4.690639101318694673e-03,-1.126581014109666844e-02
1.835000000000000000e+02,3.489507345606436030e-03,-1.176786851686541756e-02
1.837500000000000000e+02,2.232557743448463413e-03,-1.214279085400756485e-02
1.840000000000000000e+02,9.331137987176867793e-04,-1.238416155895107756e-02
1.842500000000000000e+02,-3.947452949626038777e-04,-1.248694157263527740e-02
1.845000000000000000e+02,-1.736323965474115055e-03,-1.244755859411675152e-02
1.847500000000000000e+02,-3.076460365140683793e-03,-1.226398362630332257e-02
1.850000000000000000e+02,-4.399685982032796629e-03,-1.193579256575984585e-02
1.852500000000000000e+02,-5.690393328260181377e-03,-1.146421167069988298e-02
1.855000000000000000e+02,-6.933010134500951042e-03,-1.085214587000045243e-02
1.857500000000000000e+02,-8.112178351094434178e-03,-1.010418902082846696e-02
1.860000000000000000e+02,-9.212936139290929180e-03,-9.226615382546498462e-03
1.862500000000000000e+02,-1.022090093342729530e-02,-8.227351749102787548e-03
1.865000000000000000e+02,-1.112245156755199520e-02,-7.115929870052186551e-03
1.867500000000000000e+02,-1.190490738998075879e-02,-5.903418990480926130e-03
1.870000000000000000e+02,-1.255670223795426511e-02,-4.602338551002363616e-03
1.872500000000000000e+02,-1.306755111344799422e-02,-3.226551309090131773e-03
1.875000000000000000e+02,-1.342860739158950947e-02,-1.791137370559610928e-03
1.877500000000000000e+02,-1.363260840628948561e-02,-3.122498530817604092e-04
1.880000000000000000e+02,-1.367400729465198181e-02,1.193046859866078854e-03
1.882500000000000000e+02,-1.354908904340606547e-02,2.706955078473149458e-03
1.885000000000000000e+02,-1.325606876772706701e-02,4.211136546783674633e-03
1.887500000000000000e+02,-1.279517036591724423e-02,5.686918298013410832e-03
1.890000000000000000e+02,-1.216868383279948868e-02,7.115509732849266411e-03
1.892500000000000000e+02,-1.138099968042903531e-02,8.478228811103053625e-03
1.895000000000000000e+02,-1.043861910667911487e-02,9.756735041523556182e-03
1.897500000000000000e+02,-9.350138769951785514e-03,1.093326676385489998e-02
1.900000000000000000e+02,-8.126209270972699697e-03,1.199088004432303893e-02
1.902500000000000000e+02,-6.779466709334408536e-03,1.291368635366203950e-02
1.905000000000000000e+02,-5.324436971780040218e-03,1.368708606859860011e-02
1.907500000000000000e+02,-3.777412719483278468e-03,1.429799473637501615e-02
1.910000000000000000e+02,-2.156303370747465753e-03,1.473505897039667153e-02
1.912500000000000000e+02,-4.804587212080258223e-04,1.498885880632921941e-02
1.915000000000000000e+02,1.229532797011029200e-03,1.505209334470953078e-02
1.917500000000000000e+02,2.952069845805564783e-03,1.491974654098121925e-02
1.920000000000000000e+02,4.664786152965933082e-03,1.458923007928671599e-02
1.922500000000000000e+02,6.344818597170471391e-03,1.406050038448296291e-02
1.925000000000000000e+02,7.969092899184848644e-03,1.333614698960780554e-02
1.927500000000000000e+02,9.514624039759382590e-03,1.242144968496550553e-02
1.930000000000000000e+02,1.095882816329374690e-02,1.132440213121619840e-02
1.932500000000000000e+02,1.227984238155939260e-02,1.005569992305669312e-02
1.935000000000000000e+02,1.345684856953334972e-02,8.628691442373208342e-03
1.937500000000000000e+02,1.447039695177541191e-02,7.059290239634281351e-03
1.940000000000000000e+02,1.530272501924987046e-02,5.365848128668940405e-03
1.942500000000000000e+02,1.593806709968036833e-02,3.568988670858784691e-03
1.945000000000000000e+02,1.636294973617378329e-02,1.691401257477330835e-03
1.947500000000000000e+02,1.656646791589650586e-02,-2.424034302417507581e-04
1.950000000000000000e+02,1.654053713977424178e-02,-2.206375199373424023e-03
1.952500000000000000e+02,1.628011634226464444e-02,-4.173241345736732055e-03
1.955000000000000000e+02,1.578339676361874971e-02,-6.114856207060655191e-03
1.957500000000000000e+02,1.505195205165302426e-02,-8.002579932978310176e-03
1.960000000000000000e+02,1.409084513136496519e-02,-9.807682465490205267e-03
1.962500000000000000e+02,1.290868773323660366e-02,-1.150176805930187493e-02
1.965000000000000000e+02,1.151764891849485495e-02,-1.305721502499333948e-02
1.967500000000000000e+02,9.933409484184677410e-03,-1.444762476189023585e-02
1.970000000000000000e+02,8.175059773685522044e-03,-1.564827357550827025e-02
1.972500000000000000e+02,6.264939158314527905e-03,-1.663656026116207970e-02
1.975000000000000000e+02,4.228416290241408630e-03,-1.739244199617386716e-02
1.977500000000000000e+02,2.093610150935002433e-03,-1.789885073409821711e-02
1.980000000000000000e+02,-1.089470746182758448e-04,-1.814208205171117042e-02
1.982500000000000000e+02,-2.346703189955950172e-03,-1.811214827946093162e-02
1.985000000000000000e+02,-4.585532000997759837e-03,-1.780308776435152174e-02
1.987500000000000000e+02,-6.790227728282115412e-03,-1.721322228572249105e-02
1.990000000000000000e+02,-8.925042191713389306e-03,-1.634535498248667132e-02
1.992500000000000000e+02,-1.095425793849443864e-02,-1.520690166648992932e-02
1.995000000000000000e+02,-1.284278930562311218e-02,-1.380994909956888977e-02
1.997500000000000000e+02,-1.455680228134336070e-02,-1.217123470701137432e-02
2.000000000000000000e+02,-1.606434298573225158e-02,-1.031204328911762037e-02
2.002500000000000000e+02,-1.733596366165800901e-02,-8.258017572186370642e-03
2.005000000000000000e+02,-1.834533428749448788e-02,-6.038880902349382657e-03
2.007500000000000000e+02,-1.906982732650363069e-02,-3.688072015995825896e-03
2.010000000000000000e+02,-1.949106274873137548e-02,-1.242293598824059566e-03
2.012500000000000000e+02,-1.959540033196816022e-02,1.259021755140989594e-03
2.015000000000000000e+02,-1.937436639860672105e-02,3.774322586521566218e-03
2.017500000000000000e+02,-1.882500260075152879e-02,6.260618983566612616e-03
2.020000000000000000e+02,-1.795012514693891323e-02,8.674222698530582865e-03
2.022500000000000000e+02,-1.675848398377810522e-02,1.097153531760834515e-02
2.025000000000000000e+02,-1.526481290981730916e-02,1.310987095962765081e-02
2.027500000000000000e+02,-1.348976340268553259e-02,1.504829827234652716e-02
2.030000000000000000e+02,-1.145971706904292189e-02,1.674848501964788794e-02
2.032500000000000000e+02,-9.206474053605927937e-03,1.817552737045548955e-02
2.035000000000000000e+02,-6.766817430007466758e-03,1.929874517093859917e-02
2.037500000000000000e+02,-4.181956491769879720e-03,2.009242406120815075e-02
2.040000000000000000e+02,-1.496854903679069879e-03,2.053648533499511861e-02
2.042500000000000000e+02,1.240547211230929713e-03,2.061706497497149335e-02
2.045000000000000000e+02,3.980205069264441953e-03,2.032698435472934939e-02
2.047500000000000000e+02,6.670919724988858858e-03,1.966609669403159011e-02
2.050000000000000000e+02,9.261349282155455567e-03,1.864149548358338265e-02
2.052500000000000000e+02,1.170106031679069535e-02,1.726757373831725936e-02
2.055000000000000000e+02,1.394159689491279892e-02,1.556592605434508475e-02
2.057500000000000000e+02,1.593754293464597072e-02,1.356508897544508353e-02
2.060000000000000000e+02,1.764755259774073229e-02,1.130011904304376556e-02
2.062500000000000000e+02,1.903532297452673744e-02,8.812012020918542216e-03
2.065000000000000000e+02,2.007048358522654438e-02,6.146970980219952814e-03
2.067500000000000000e+02,2.072937813932229992e-02,3.355535314473639171e-03
2.070000000000000000e+02,2.099571653426181989e-02,4.915872156621510416e-04
2.072500000000000000e+02,2.086107349065641561e-02,-2.388748269175498731e-03
2.075000000000000000e+02,2.032522500977196334e-02,-5.228271777570348000e-03
2.077500000000000000e+02,1.939630062564600202e-02,-7.969948590505817124e-03
2.080000000000000000e+02,1.809071628124794481e-02,-1.055817186025864718e-02
2.082500000000000000e+02,1.643302773104004730e-02,-1.293994504497050606e-02
2.085000000000000000e+02,1.445534177188169053e-02,-1.506621346611579718e-02
2.087500000000000000e+02,1.219690007302978371e-02,-1.689286782884059229e-02
2.090000000000000000e+02,9.703128362260234063e-03,-1.838185363731302882e-02
2.092500000000000000e+02,7.024802125435206622e-03,-1.950207921397814972e-02
2.095000000000000000e+02,4.216894534196240739e-03,-2.023017591920217573e-02
2.097500000000000000e+02,1.337465831017094035e-03,-2.055108545475453283e-02
2.100000000000000000e+02,-1.553668214052543505e-03,-2.045849352433163140e-02
2.102500000000000000e+02,-4.396264568780271567e-03,-1.995504215423433980e-02
2.105000000000000000e+02,-7.131001828541729676e-03,-1.905236143250402248e-02
2.107500000000000000e+02,-9.700885794500501216e-03,-1.777084523583483816e-02
2.110000000000000000e+02,-1.205258783926423799e-02,-1.613920265886002736e-02
2.112500000000000000e+02,-1.413769001564746733e-02,-1.419382807119171606e-02
2.115000000000000000e+02,-1.591383542267472972e-02,-1.197795762246342197e-02
2.117500000000000000e+02,-1.734572760795513591e-02,-9.540615570877793508e-03
2.120000000000000000e+02,-1.840592791537518091e-02,-6.935412915479987131e-03
2.122500000000000000e+02,-1.907543709062785309e-02,-4.219258474983663548e-03
2.125000000000000000e+02,-1.934406253377151871e-02,-1.451014628478431226e-03
2.127500000000000000e+02,-1.921056818984919617e-02,1.309879386563646882e-03
2.130000000000000000e+02,-1.868260323111346072e-02,4.004784344247867139e-03
2.132500000000000000e+02,-1.777641500672339989e-02,6.577197791780831776e-03
2.135000000000000000e+02,-1.651636247330230331e-02,8.974013415543182631e-03
2.137500000000000000e+02,-1.493425141170708591e-02,1.114667467320893876e-02
2.140000000000000000e+02,-1.306851315585159587e-02,1.305220188272098944e-02
2.142500000000000000e+02,-1.096324814726434144e-02,1.465407586881124422e-02
2.145000000000000000e+02,-8.667156381808498525e-03,1.592296308727724277e-02
2.147500000000000000e+02,-6.232378707507996857e-03,1.683726879263789528e-02
2.150000000000000000e+02,-3.713275257862483792e-03,1.738350731130341997e-02
2.152500000000000000e+02,-1.165169379605640078e-03,1.755648207262603538e-02
2.155000000000000000e+02,1.356913257786111207e-03,1.735927251173989203e-02
2.157500000000000000e+02,3.799480351016076927e-03,1.680302986432965356e-02
2.160000000000000000e+02,6.111754109909635704e-03,1.590658881671765112e-02
2.162500000000000000e+02,8.246770102689484142e-03,1.469590668596121828e-02
2.165000000000000000e+02,1.016236839911960517e-02,1.320334613797667991e-02
2.167500000000000000e+02,1.182205465624523548e-02,1.146682130777068945e-02
2.170000000000000000e+02,1.319571244104763771e-02,9.528830462205718430e-03
2.172500000000000000e+02,1.426015223631514270e-02,7.435400934184334051e-03
2.175000000000000000e+02,1.499948709429378864e-02,5.234973865071131452e-03
2.177500000000000000e+02,1.540532962404887220e-02,2.977257263360476303e-03
2.180000000000000000e+02,1.547680975121945232e-02,7.120760112981785019e-04
2.182500000000000000e+02,1.522041731100703781e-02,-1.511753241430660415e-03
2.185000000000000000e+02,1.464967788510885063e-02,-3.647495803879481375e-03
2.187500000000000000e+02,1.378467425230169713e-02,-5.651496912092300769e-03
2.190000000000000000e+02,1.265142929476409384e-02,-7.484082247696221581e-03
2.192500000000000000e+02,1.128116911487593230e-02,-9.110342464111456304e-03
2.195000000000000000e+02,9.709487419515522300e-03,-1.050078667630287635e-02
2.197500000000000000e+02,7.975433891753723470e-03,-1.163185360335839379e-02
2.200000000000000000e+02,6.120550284533756574e-03,-1.248627290832407706e-02
2.202500000000000000e+02,4.187878347633511300e-03,-1.305327314854451588e-02
2.205000000000000000e+02,2.220963465739601243e-03,-1.332863653117816703e-02
2.207500000000000000e+02,2.628770850328177120e-04,-1.331460427144190786e-02
2.210000000000000000e+02,-1.644720306763608345e-03,-1.301963969799994035e-02
2.212500000000000000e+02,-3.462455644539103213e-03,-1.245805927873925613e-02
2.215000000000000000e+02,-5.154041340292210907e-03,-1.164954440187665474e-02
2.217500000000000000e+02,-6.686979543327102940e-03,-1.061854900096038251e-02
2.220000000000000000e+02,-8.033159943985243925e-03,-9.393619923367776958e-03
2.222500000000000000e+02,-9.169341362140818324e-03,-8.006648285386544148e-03
2.225000000000000000e+02,-1.007751036862068565e-02,-6.492070921212331203e-03
2.227500000000000000e+02,-1.074511321844676473e-02,-4.886041420343407472e-03
2.230000000000000000e+02,-1.116516035149376154e-02,-3.225590172785587455e-03
2.232500000000000000e+02,-1.133620556789959391e-02,-1.547792332275970935e-03
2.235000000000000000e+02,-1.126220465396432155e-02,1.110382939092757179e-04
2.237500000000000000e+02,-1.095226067731521792e-02,1.716112663514929955e-03
2.240000000000000000e+02,-1.042026536037058554e-02,3.234871997430242407e-03
2.242500000000000000e+02,-9.684447857555043143e-03,4.637621917959213608e-03
2.245000000000000000e+02,-8.766843880295643529e-03,5.898083798260043281e-03
2.247500000000000000e+02,-7.692699405017711968e-03,6.993854089703308886e-03
2.250000000000000000e+02,-6.489824134649577018e-03,7.906764725359031673e-03
2.252500000000000000e+02,-5.187910446629633021e-03,8.623140101710733210e-03
2.255000000000000000e+02,-3.817833750863068847e-03,9.133948549841971673e-03
2.257500000000000000e+02,-2.410950015950077876e-03,9.434848562008888231e-03
2.260000000000000000e+02,-9.984057263780893570e-04,9.526132292241083419e-03
2.262500000000000000e+02,3.895252650503242399e-04,9.412570962541579739e-03
2.265000000000000000e+02,1.724064597762848096e-03,9.103168745883145202e-03
2.267500000000000000e+02,2.978499900430007803e-03,8.610833431691977333e-03
2.270000000000000000e+02,4.128692370791823239e-03,7.951973679935398984e-03
2.272500000000000000e+02,5.153512576333296909e-03,7.146033912991378231e-03
2.275000000000000000e+02,6.035197434057022921e-03,6.214978864128747199e-03
2.277500000000000000e+02,6.759623236149701550e-03,5.182740488231522835e-03
2.280000000000000000e+02,7.316491545509338709e-03,4.074640339925352656e-03
2.282500000000000000e+02,7.699426751127031766e-03,2.916800636141892843e-03
2.285000000000000000e+02,7.905986007792770165e-03,1.735557048364819079e-03
2.287500000000000000e+02,7.937584147004154642e-03,5.568858238162315054e-04
2.290000000000000000e+02,7.799337897230742764e-03,-5.941428693697266847e-04
2.292500000000000000e+02,7.499835355920394554e-03,-1.693874418141009391e-03
2.295000000000000000e+02,7.050838081568759803e-03,-2.720532255354375997e-03
2.297500000000000000e+02,6.466924395915688017e-03,-3.654624883960578760e-03
2.300000000000000000e+02,5.765083483806276131e-03,-4.479290419261365563e-03
2.302500000000000000e+02,4.964270637598649887e-03,-5.180573204604046328e-03
2.305000000000000000e+02,4.084934506654349685e-03,-5.747628693767524617e-03
2.307500000000000000e+02,3.148527478468206818e-03,-6.172854462320154570e-03
2.310000000000000000e+02,2.177010338511530061e-03,-6.451946876143405292e-03
2.312500000000000000e+02,1.192362135661550982e-03,-6.583884575046449611e-03
2.315000000000000000e+02,2.161057267227193472e-04,-6.570841489403679049e-03
2.317500000000000000e+02,-7.311412003648243806e-04,-6.418033563159298779e-03
2.320000000000000000e+02,-1.630080698753539519e-03,-6.133504672923315720e-03
2.322500000000000000e+02,-2.463106848281017541e-03,-5.727858380708408109e-03
2.325000000000000000e+02,-3.214629050807550105e-03,-5.213943117189433034e-03
2.327500000000000000e+02,-3.871340909836593243e-03,-4.606499154123574157e-03
2.330000000000000000e+02,-4.422430617484503397e-03,-3.921776286911100862e-03
2.332500000000000000e+02,-4.859730167444077306e-03,-3.177131510311146344e-03
2.335000000000000000e+02,-5.177802133356404490e-03,-2.390616127637023702e-03
2.337500000000000000e+02,-5.373964171452590144e-03,-1.580561679075984972e-03
2.340000000000000000e+02,-5.448252789965810430e-03,-7.651738036350896411e-04
2.342500000000000000e+02,-5.403329235147841421e-03,3.785733290548690279e-05
2.345000000000000000e+02,-5.244331534805703708e-03,8.117220849717092122e-04
2.347500000000000000e+02,-4.978677783789345855e-03,1.540824721871473287e-03
2.350000000000000000e+02,-4.615826634674450105e-03,2.211078994578538019e-03
2.352500000000000000e+02,-4.167001668007219890e-03,2.810160735116782466e-03
2.355000000000000000e+02,-3.644886865142391713e-03,3.327713444189936073e-03
2.357500000000000000e+02,-3.063300797628668113e-03,3.755503962054078642e-03
2.360000000000000000e+02,-2.436857377944358274e-03,4.087526490790988759e-03
2.362500000000000000e+02,-1.780621077343617431e-03,4.320054428516090055e-03
2.365000000000000000e+02,-1.109764396131605012e-03,4.451640662842724049e-03
2.367500000000000000e+02,-4.392350651226385153e-04,4.483068117277217227e-03
2.370000000000000000e+02,2.165600273861731091e-04,4.417253411241874213e-03
2.372500000000000000e+02,8.440478289419042724e-04,4.259107447488227720e-03
2.375000000000000000e+02,1.430753446676443332e-03,4.015357555820086785e-03
2.377500000000000000e+02,1.965531065891736040e-03,3.694336488029688163e-03
2.380000000000000000e+02,2.438757641696695077e-03,3.305744074801021063e-03
2.382500000000000000e+02,2.842486491206443981e-03,2.860387725667190659e-03
2.385000000000000000e+02,3.170558881066594219e-03,2.369908183462882904e-03
2.387500000000000000e+02,3.418672676440265550e-03,1.846497038710164743e-03
2.390000000000000000e+02,3.584408079737488179e-03,1.302612468203050849e-03
2.392500000000000000e+02,3.667211424805764865e-03,7.506994859000067164e-04
2.395000000000000000e+02,3.668338886414396899e-03,2.029206847128385539e-04
2.397500000000000000e+02,3.590762794582525157e-03,-3.290969896100619956e-04
2.400000000000000000e+02,3.439043987090411713e-03,-8.344944456383192929e-04
2.402500000000000000e+02,3.219174271918983851e-03,-1.303387302251134312e-03
2.405000000000000000e+02,2.938393589245663629e-03,-1.727043795035483999e-03
2.407500000000000000e+02,2.604986850551934546e-03,-2.098030923594567873e-03
2.410000000000000000e+02,2.228065686973894864e-03,-2.410326849924428975e-03
2.412500000000000000e+02,1.817340462203537134e-03,-2.659398385389798950e-03
2.415000000000000000e+02,1.382887902996478117e-03,-2.842243218637076699e-03
2.417500000000000000e+02,9.349195811009938057e-04,-2.957397321883322577e-03
2.420000000000000000e+02,4.835562538228335770e-04,-3.004908714131691427e-03
2.422500000000000000e+02,3.861274657264343038e-05,-2.986279444851836461e-03
2.425000000000000000e+02,-3.906023499675817003e-04,-2.904378279857903773e-03
2.427500000000000000e+02,-7.954683819521998159e-04,-2.763327112891219260e-03
2.430000000000000000e+02,-1.168212497987936331e-03,-2.568364583171226651e-03
2.432500000000000000e+02,-1.502045043407912927e-03,-2.325690743626924843e-03
2.435000000000000000e+02,-1.791268485381642154e-03,-2.042296891160532389e-03
2.437500000000000000e+02,-2.031358528778530112e-03,-1.725784835882296928e-03
2.440000000000000000e+02,-2.219016745301064658e-03,-1.384179950159217286e-03
2.442500000000000000e+02,-2.352194690158587991e-03,-1.025742302628966434e-03
2.445000000000000000e+02,-2.430090106524185941e-03,-6.587800517565241742e-04
2.447500000000000000e+02,-2.453116404580160583e-03,-2.914690551438885711e-04
2.450000000000000000e+02,-2.422847137242163055e-03,6.831764627179506182e-05
2.452500000000000000e+02,-2.341937668826184205e-03,4.131671751876622657e-04
2.455000000000000000e+02,-2.214026638277593554e-03,7.362681239004597623e-04
2.457500000000000000e+02,-2.043620149455876393e-03,1.031533413429868090e-03
2.460000000000000000e+02,-1.835961873604836578e-03,1.293702798606875815e-03
2.462500000000000000e+02,-1.596892421605807487e-03,1.518423630517009995e-03
2.465000000000000000e+02,-1.332701435799208507e-03,1.702309013880147623e-03
2.467500000000000000e+02,-1.049975864761349418e-03,1.842973018800426847e-03
2.470000000000000000e+02,-7.554478228359297288e-04,1.939043112674530616e-03
2.472500000000000000e+02,-4.558453043445784801e-04,1.990150458821763994e-03
2.475000000000000000e+02,-1.577488264019920121e-04,1.996899174688026961e-03
2.477500000000000000e+02,1.325431787087145150e-04,1.960816046541872127e-03
2.480000000000000000e+02,4.091377027478033186e-04,1.884282552865429580e-03
2.482500000000000000e+02,6.666570564298904614e-04,1.770451349768924904e-03
2.485000000000000000e+02,9.003335193484488094e-04,1.623149614492843708e-03
2.487500000000000000e+02,1.106087342564175549e-03,1.446771824336631198e-03
2.490000000000000000e+02,1.280587113262812889e-03,1.246164666444370952e-03
2.492500000000000000e+02,1.421291905927837829e-03,1.026506828787317367e-03
2.495000000000000000e+02,1.526475052893787885e-03,7.931864164110099267e-04
2.497500000000000000e+02,1.595229760143429413e-03,5.516786734086531665e-04
2.500000000000000000e+02,1.627457164655881717e-03,3.074265751510449210e-04
2.502500000000000000e+02,1.623837771956366605e-03,6.572669234480057717e-05
2.505000000000000000e+02,1.585787522140566855e-03,-1.683774764419357806e-04
2.507500000000000000e+02,1.515400005143869785e-03,-3.901927491393757845e-04
2.510000000000000000e+02,1.415376576968823286e-03,-5.954624004601018726e-04
2.512500000000000000e+02,1.288946313908335105e-03,-7.804398161283522496e-04
2.515000000000000000e+02,1.139777878540656261e-03,-9.419485958177331109e-04
2.517500000000000000e+02,9.718854581525061907e-04,-1.077428365836975363e-03
2.520000000000000000e+02,7.895309738312426264e-04,-1.184965890273200926e-03
2.522500000000000000e+02,5.971247488216673092e-04,-1.263311390995664916e-03
2.525000000000000000e+02,3.991267708843759462e-04,-1.311880296374090061e-03
2.527500000000000000e+02,1.999505888028808094e-04,-1.330740930561317634e-03
2.530000000000000000e+02,3.871751566206905367e-06,-1.320588925301992723e-03
2.532500000000000000e+02,-1.850574660066233183e-04,-1.282709380546300784e-03
2.535000000000000000e+02,-3.630855011627202346e-04,-1.218928015142355450e-03
2.537500000000000000e+02,-5.268297727692234289e-04,-1.131552731420290949e-03
2.540000000000000000e+02,-6.733346883919551348e-04,-1.023307164926936033e-03
2.542500000000000000e+02,-8.001185468321569743e-04,-8.972579008943810594e-04
2.545000000000000000e+02,-9.052087549735662051e-04,-7.567371109253685562e-04
2.547500000000000000e+02,-9.871650418984553258e-04,-6.052623963812869172e-04
2.550000000000000000e+02,-1.045090614808693360e-03,-4.464556195202116682e-04
2.552500000000000000e+02,-1.078631454767112674e-03,-2.839624609781898814e-04
2.555000000000000000e+02,-1.087964190486464785e-03,-1.213743650531520888e-04
2.557500000000000000e+02,-1.073773210794006037e-03,3.784557449512677133e-05
2.560000000000000000e+02,-1.037217877166022326e-03,1.904313722236065313e-04
2.562500000000000000e+02,-9.798908737009076001e-04,3.333762974862393381e-04
2.565000000000000000e+02,-9.037688804815584287e-04,4.639873359189313580e-04
2.567500000000000000e+02,-8.111568754165197079e-04,5.799310892450528637e-04
2.570000000000000000e+02,-7.046274579560156534e-04,6.792704450328923126e-04
2.572500000000000000e+02,-5.869566449276090612e-04,7.604915630910156219e-04
2.575000000000000000e+02,-4.610576141764381286e-04,8.225209426032582295e-04
2.577500000000000000e+02,-3.299138662031197945e-04,8.647325497649604445e-04
2.580000000000000000e+02,-1.965132382783072351e-04,8.869451955777407290e-04
2.582500000000000000e+02,-6.378414060743277218e-05,8.894105534673154732e-04
2.585000000000000000e+02,6.546470828321076369e-05,8.727923922315178286e-04
2.587500000000000000e+02,1.885998869832213965e-04,8.381377673663116361e-04
2.590000000000000000e+02,3.032131958473027701e-04,7.868410595551309384e-04
2.592500000000000000e+02,4.071650344244174408e-04,7.206018705895396621e-04
2.595000000000000000e+02,4.986205329238662439e-04,6.413778828986198234e-04
2.597500000000000000e+02,5.760779152972505699e-04,5.513338587177975952e-04
2.600000000000000000e+02,6.383887531267216182e-04,4.527879985759013974e-04
2.602500000000000000e+02,6.847699532891661413e-04,3.481568960060103996e-04
2.605000000000000000e+02,7.148075049084484135e-04,2.399003158756849059e-04
2.607500000000000000e+02,7.284521883867482424e-04,1.304669874773869769e-04
2.610000000000000000e+02,7.260076167894906601e-04,2.224254143805767599e-05
2.612500000000000000e+02,7.081111331040818848e-04,-8.249936613059453549e-05
2.615000000000000000e+02,6.757082223296970950e-04,-1.816418044840424162e-04
2.617500000000000000e+02,6.300212128025609775e-04,-2.732643778857434262e-04
2.620000000000000000e+02,5.725131357744311662e-04,-3.556774113277013814e-04
2.622500000000000000e+02,5.048476859404758604e-04,-4.274499719715808507e-04
2.625000000000000000e+02,4.288462782345553838e-04,-4.874313348227651377e-04
2.627500000000000000e+02,3.464432271648495835e-04,-5.347656544591212081e-04
2.630000000000000000e+02,2.596400832544312905e-04,-5.688997598269745484e-04
2.632500000000000000e+02,1.704601459866368054e-04,-5.895841427436721190e-04
2.635000000000000000e+02,8.090413415336472375e-05,-5.968673586081674155e-04
2.637500000000000000e+02,-7.092065868819579442e-06,-5.910841955686636610e-04
2.640000000000000000e+02,-9.169673288894129143e-05,-5.728380922860210490e-04
2.642500000000000000e+02,-1.712179787854206442e-04,-5.429783918664251099e-04
2.645000000000000000e+02,-2.441351126063475113e-04,-5.025731091786404944e-04
2.647500000000000000e+02,-3.091251777327407892e-04,-4.528779602445596152e-04
2.650000000000000000e+02,-3.650842607969439395e-04,-3.953024557768967918e-04
2.652500000000000000e+02,-4.111432968867350215e-04,-3.313738963087723061e-04
2.655000000000000000e+02,-4.466782234382648468e-04,-2.627001235611463835e-04
2.657500000000000000e+02,-4.713144629582442444e-04,-1.909318814128577180e-04
2.660000000000000000e+02,-4.849258397357199615e-04,-1.177256198955847760e-04
2.662500000000000000e+02,-4.876281550449373795e-04,-4.470753733935956225e-05
2.665000000000000000e+02,-4.797677559063724651e-04,2.656039980414771109e-05
2.667500000000000000e+02,-4.619055313786905913e-04,9.461179096608259486e-05
2.670000000000000000e+02,-4.347968552587377889e-04,1.581039047097882464e-04
2.672500000000000000e+02,-3.993680633806198058e-04,2.158420604635103899e-04
2.675000000000000000e+02,-3.566901066369480258e-04,2.667998986460592774e-04
2.677500000000000000e+02,-3.079500572880997512e-04,3.101352537480465119e-04
2.680000000000000000e+02,-2.544211664474286031e-04,3.452014510530964611e-04
2.682500000000000000e+02,-1.974321754501512773e-04,3.715539531384931516e-04
2.685000000000000000e+02,-1.383365738310084517e-04,3.889523852349572415e-04
2.687500000000000000e+02,-7.848247256360162463e-05,3.973580672487497540e-04
2.690000000000000000e+02,-1.918372381147169221e-05,3.969272730778784417e-04
2.692500000000000000e+02,3.830713138350505905e-05,3.880005230736783368e-04
2.695000000000000000e+02,9.282356711539100009e-05,3.710882913860395326e-04
2.697500000000000000e+02,1.433069787428035459e-04,3.468535748576115937e-04
2.700000000000000000e+02,1.888254201259904159e-04,3.160918227164587137e-04
2.702500000000000000e+02,2.285888851793275967e-04,2.797087655609228549e-04
2.705000000000000000e+02,2.619609344516639891e-04,2.386967075088502457e-04
2.707500000000000000e+02,2.884665558913084883e-04,1.941098568564028420e-04
2.710000000000000000e+02,3.077962360955155798e-04,1.470392685664646804e-04
2.712500000000000000e+02,3.198063021617858341e-04,9.858795716301931836e-05
2.715000000000000000e+02,3.245156730096777106e-04,4.984671220897085922e-05
2.717500000000000000e+02,3.220992312890865231e-04,1.871111738733949584e-06
2.720000000000000000e+02,3.128780915724739911e-04,-4.433981685050183416e-05
2.722500000000000000e+02,2.973070965073123595e-04,-8.786289248673225698e-05
2.725000000000000000e+02,2.759599192283996617e-04,-1.278676965322703791e-04
2.727500000000000000e+02,2.495121870166104963e-04,-1.636308377749160674e-04
2.730000000000000000e+02,2.187230675444773215e-04,-1.945473627008264508e-04
2.732500000000000000e+02,1.844157748716115930e-04,-2.201391771688714527e-04
2.735000000000000000e+02,1.474574576569651757e-04,-2.400604155460829786e-04
2.737500000000000000e+02,1.087389270729607589e-04,-2.540997619717016444e-04
2.740000000000000000e+02,6.915466710745304133e-05,-2.621797941974320198e-04
2.742500000000000000e+02,2.958354603324398464e-05,-2.643534820208221772e-04
2.745000000000000000e+02,-9.129384261334132236e-06,-2.607980284736131351e-04
2.747500000000000000e+02,-4.618965356671546460e-05,-2.518062916381517058e-04
2.750000000000000000e+02,-8.086840084974948335e-05,-2.377760674372042667e-04
2.752500000000000000e+02,-1.125154113061645856e-04,-2.191975483554330507e-04
2.755000000000000000e+02,-1.405699634935053590e-04,-1.966392993572335538e-04
2.757500000000000000e+02,-1.645693423158053025e-04,-1.707331100125250296e-04
2.760000000000000000e+02,-1.841549295908621983e-04,-1.421580910075244907e-04
2.762500000000000000e+02,-1.990758392855632218e-04,-1.116243840317362486e-04
2.765000000000000000e+02,-2.091901180556640075e-04,-7.985684694935449681e-05
2.767500000000000000e+02,-2.144635824507588168e-04,-4.757906178923691434e-05
2.770000000000000000e+02,-2.149664111932353871e-04,-1.549799209965548060e-05
2.772500000000000000e+02,-2.108676535867013064e-04,1.571041068616002017e-05
2.775000000000000000e+02,-2.024278526999088697e-04,4.541438430882578631e-05
2.777500000000000000e+02,-1.899900139039507332e-04,7.303808506143399883e-05
2.780000000000000000e+02,-1.739691750963802126e-04,9.807167831380538296e-05
2.782500000000000000e+02,-1.548408541582942262e-04,1.200796413928965987e-04
2.785000000000000000e+02,-1.331286616950923989e-04,1.387071737944064228e-04
2.787500000000000000e+02,-1.093913729625646509e-04,1.536846537841913228e-04
2.790000000000000000e+02,-8.420975231862034378e-05,1.648301238707225501e-04
2.792500000000000000e+02,-5.817341693930549594e-05,1.720498295281894035e-04
2.795000000000000000e+02,-3.186801434284282510e-05,1.753368751777650326e-04
2.797500000000000000e+02,-5.862970966444330985e-06,1.747680981403819476e-04
2.800000000000000000e+02,1.929995283441132310e-05,1.704992944769855023e-04
2.802500000000000000e+02,4.311709186458997814e-05,1.627589598129886256e-04
2.805000000000000000e+02,6.513210896370468970e-05,1.518407329567780177e-04
2.807500000000000000e+02,8.494388324815018592e-05,1.380947500134606354e-04
2.810000000000000000e+02,1.022129390255751554e-04,1.219181315165272360e-04
2.812500000000000000e+02,1.166663355167848711e-04,1.037448347177529135e-04
2.815000000000000000e+02,1.281009726609378730e-04,8.403510757654146989e-05
2.817500000000000000e+02,1.363853029627492511e-04,6.326478029030969702e-05
2.820000000000000000e+02,1.414594728452443794e-04,4.191462465148380309e-05
2.822500000000000000e+02,1.433339486595240284e-04,2.046000145447325104e-05
2.825000000000000000e+02,1.420867118324055010e-04,-6.389979748889248680e-07
2.827500000000000000e+02,1.378591341495030795e-04,-2.094672784406684225e-05
2.830000000000000000e+02,1.308506674849201014e-04,-4.006031422496548447e-05
2.832500000000000000e+02,1.213125020578133799e-04,-5.761698794201705208e-05
2.835000000000000000e+02,1.095403632367128959e-04,-7.330030604057637806e-05
2.837500000000000000e+02,9.586662882046907707e-05,-8.684517111983381060e-05
2.840000000000000000e+02,8.065195649219543568e-05,-9.804158600159220002e-05
2.842500000000000000e+02,6.427661475477554722e-05,-1.067371097286473836e-04
2.845000000000000000e+02,4.713171017416192940e-05,-1.128380091753978609e-04
2.847500000000000000e+02,2.961049930014352389e-05,-1.163091280575666129e-04
2.850000000000000000e+02,1.209996538365651457e-05,-1.171725213045929538e-04
2.852500000000000000e+02,-5.027171777810380479e-06,-1.155049270751686512e-04
2.855000000000000000e+02,-2.141985950561746209e-05,-1.114341706549589183e-04
2.857500000000000000e+02,-3.675539375506685797e-05,-1.051346136513502339e-04
2.860000000000000000e+02,-5.074526272356378654e-05,-9.682177798056975032e-05
2.862500000000000000e+02,-6.314005835971280944e-05,-8.674628694239394416e-05
2.865000000000000000e+02,-7.373338429461967947e-05,-7.518727511756517377e-05
2.867500000000000000e+02,-8.236471212550202628e-05,-6.244542488231474516e-05
2.870000000000000000e+02,-8.892116167181922696e-05,-4.883579000535932335e-05
2.872500000000000000e+02,-9.333820437297922642e-05,-3.468056606689751185e-05
2.875000000000000000e+02,-9.559931193149149155e-05,-2.030196333832440893e-05
2.877500000000000000e+02,-9.573459410188903769e-05,-6.015330394788287571e-06
2.880000000000000000e+02,-9.381848965687459229e-05,7.877333657473667138e-06
2.882500000000000000e+02,-8.996659257340091026e-05,2.109335349601443535e-05
2.885000000000000000e+02,-8.433171104860237891e-05,3.337472882717225478e-05
2.887500000000000000e+02,-7.709926989261947183e-05,4.449276990801812395e-05
2.890000000000000000e+02,-6.848217706093271448e-05,5.425194296395775779e-05
2.892500000000000000e+02,-5.871528252147119309e-05,6.249287034798720020e-05
2.895000000000000000e+02,-4.804956222610645071e-05,6.909445013315232279e-05
2.897500000000000000e+02,-3.674616158559554092e-05,7.397507992302678338e-05
2.900000000000000000e+02,-2.507043147911218028e-05,7.709298956888335178e-05
2.902500000000000000e+02,-1.328608550568425183e-05,7.844570670351966356e-05
2.905000000000000000e+02,-1.649600079341685279e-06,7.806869704144086869e-05
2.907500000000000000e+02,9.595030614500650598e-06,7.603323781443197416e-05
2.910000000000000000e+02,2.022108445945514457e-05,7.244359718116568075e-05
2.912500000000000000e+02,3.002335906082669200e-05,6.743360476252375374e-05
2.915000000000000000e+02,3.882180488514013199e-05,6.116270850111057164e-05
2.917500000000000000e+02,4.646448719139885787e-05,5.381162076621710648e-05
2.920000000000000000e+02,5.282983636568528433e-05,4.557766197761417798e-05
2.922500000000000000e+02,5.782816296212471357e-05,3.666991295075361449e-05
2.925000000000000000e+02,6.140243050805520904e-05,2.730428762609833147e-05
2.927500000000000000e+02,6.352829558497048680e-05,1.769863582748544548e-05
2.930000000000000000e+02,6.421344045309808313e-05,8.067981261008949943e-06
2.932500000000000000e+02,6.349623815062206949e-05,-1.380006728033116417e-06
2.935000000000000000e+02,6.144380321411490372e-05,-1.044921782953375615e-05
2.937500000000000000e+02,5.814949265501637279e-05,-1.895890246553287670e-05
2.940000000000000000e+02,5.372993139866914173e-05,-2.674700284371904472e-05
2.942500000000000000e+02,4.832164394389758792e-05,-3.367295843093917861e-05
2.945000000000000000e+02,4.207737949522499603e-05,-3.961994429655203899e-05
2.947500000000000000e+02,3.516222126145377943e-05,-4.449651452223535308e-05
2.950000000000000000e+02,2.774957202968854155e-05,-4.823763671326863575e-05
2.952500000000000000e+02,2.001710754984854185e-05,-5.080511732118115709e-05
2.955000000000000000e+02,1.214278675094061021e-05,-5.218743074258949194e-05
2.957500000000000000e+02,4.301003432136189076e-06,-5.239897772863778001e-05
2.960000000000000000e+02,-3.341042052661861318e-06,-5.147881025284768974e-05
2.962500000000000000e+02,-1.062668029478769758e-05,-4.948887038125782817e-05
2.965000000000000000e+02,-1.741275773213226330e-05,-4.651179963733451301e-05
2.967500000000000000e+02,-2.357221727439332907e-05,-4.264838267618118465e-05
2.970000000000000000e+02,-2.899623384684854707e-05,-3.801469466228337649e-05
2.972500000000000000e+02,-3.359587537990082231e-05,-3.273902553249012984e-05
2.975000000000000000e+02,-3.730327127186687937e-05,-2.695865633087047935e-05
2.977500000000000000e+02,-4.007228175210716481e-05,-2.081656308177596784e-05
2.980000000000000000e+02,-4.187867263373898493e-05,-1.445812231246248015e-05
2.982500000000000000e+02,-4.271981046395413606e-05,-8.027889457639337945e-06
2.985000000000000000e+02,-4.261390287472371555e-05,-1.666517098139283164e-06
2.987500000000000000e+02,-4.159881784425246206e-05,4.492125562053875450e-06
2.990000000000000000e+02,-3.973052344931918913e-05,1.032357724425315758e-05
2.992500000000000000e+02,-3.708119638376424404e-05,1.571510605431199425e-05
2.995000000000000000e+02,-3.373705292176814273e-05,2.056768912506655209e-05
2.997500000000000000e+02,-2.979596002697854613e-05,2.479762065970398015e-05
3.000000000000000000e+02,-2.536488689534128951e-05,2.833772787520313731e-05
3.002500000000000000e+02,-2.055725835528838201e-05,3.113818373200121734e-05
3.005000000000000000e+02,-1.549027126020873527e-05,3.316691459832207903e-05
3.007500000000000000e+02,-1.028223336284846538e-05,3.440960991573916550e-05
3.010000000000000000e+02,-5.049981264569470990e-06,3.486934930949804867e-05
3.012500000000000000e+02,9.356998250825011363e-08,3.456587025698580341e-05
3.015000000000000000e+02,5.041698025396643801e-06,3.353450625868215984e-05
3.017500000000000000e+02,9.695923310769509799e-06,3.182483134692908142e-05
3.020000000000000000e+02,1.396780277981979273e-05,2.949905164243128112e-05
3.022500000000000000e+02,1.778043873634224870e-05,2.663018846999933964e-05
3.025000000000000000e+02,2.106968172747167574e-05,2.330010023683576944e-05
3.027500000000000000e+02,2.378501369438705852e-05,1.959739184488935943e-05
3.030000000000000000e+02,2.589010505871482807e-05,1.561526086598710513e-05
3.032500000000000000e+02,2.736304665032110683e-05,1.144932909310342546e-05
3.035000000000000000e+02,2.819626430795183966e-05,7.195506453527897595e-06
3.037500000000000000e+02,2.839613046525580372e-05,2.947931706297535783e-06
3.040000000000000000e+02,2.798229295459666463e-05,-1.202969064200630948e-06
3.042500000000000000e+02,2.698674651555436503e-05,-5.172269303651647584e-06
3.045000000000000000e+02,2.545267699272143726e-05,-8.882142127484314042e-06
3.047500000000000000e+02,2.343311187329907413e-05,-1.226324697472627326e-05
3.050000000000000000e+02,2.098941359612791207e-05,-1.525588166432395653e-05
3.052500000000000000e+02,1.818965393427522776e-05,-1.781088461635530672e-05
3.055000000000000000e+02,1.510690871584442970e-05,-1.989027794467608857e-05
3.057500000000000000e+02,1.181751223027154229e-05,-2.146764800620639562e-05
3.060000000000000000e+02,8.399309916569130081e-06,-2.252826568477062674e-05
3.062500000000000000e+02,4.929946404316238264e-06,-2.306895408828560004e-05
3.065000000000000000e+02,1.485223744408680622e-06,-2.309771635323732452e-05
3.067500000000000000e+02,-1.862438200917757050e-06,-2.263314079584987480e-05
3.070000000000000000e+02,-5.045410657844853552e-06,-2.170360465163861547e-05
3.072500000000000000e+02,-8.002109458480659234e-06,-2.034630104294644887e-05
3.075000000000000000e+02,-1.067807274581079096e-05,-1.860611656015331505e-05
3.077500000000000000e+02,-1.302684693760225128e-05,-1.653438890375844486e-05
3.080000000000000000e+02,-1.501066967664305961e-05,-1.418757539414907506e-05
3.082500000000000000e+02,-1.660094319789965958e-05,-1.162586381311876489e-05
3.085000000000000000e+02,-1.777849619022608163e-05,-8.911757013124107035e-06
3.087500000000000000e+02,-1.853363672535304250e-05,-6.108662050015691113e-06
3.090000000000000000e+02,-1.886600308501060861e-05,-3.279513308205194259e-06
3.092500000000000000e+02,-1.878422326471735409e-05,-4.854572476305958857e-07
3.095000000000000000e+02,-1.830539750662670714e-05,2.215375931741882316e-06
3.097500000000000000e+02,-1.745442135872742246e-05,4.768991176460069083e-06
3.100000000000000000e+02,-1.626316942614235939e-05,7.126518611824328377e-06
3.102500000000000000e+02,-1.476956213361525061e-05,9.245058726843890666e-06
3.105000000000000000e+02,-1.301653942918243438e-05,1.108837033652836176e-05
3.107500000000000000e+02,-1.105096641346791516e-05,1.262739268512230822e-05
3.110000000000000000e+02,-8.922496376725899718e-06,1.384059683150289123e-05
3.112500000000000000e+02,-6.682416678626632756e-06,1.471416519551493138e-05
3.115000000000000000e+02,-4.382502335649383389e-06,1.524200176820112245e-05
3.117500000000000000e+02,-2.073901117676880000e-06,1.542557893129618463e-05
3.120000000000000000e+02,1.939275633438467160e-07,1.527363002788561312e-05
3.122500000000000000e+02,2.374199617558243686e-06,1.480169971769292527e-05
3.125000000000000000e+02,4.423701020093246033e-06,1.403156668579292089e-05
3.127500000000000000e+02,6.303574829537754270e-06,1.299055541283370342e-05
3.130000000000000000e+02,7.979987772950948585e-06,1.171075543184928560e-05
3.132500000000000000e+02,9.424666640307588852e-06,1.022816777761273862e-05
3.135000000000000000e+02,1.061529778043433968e-05,8.581799173666033873e-06
3.137500000000000000e+02,1.153578607973687351e-05,6.812724897954756913e-06
3.140000000000000000e+02,1.217637287714402925e-05,4.963141220924863407e-06
3.142500000000000000e+02,1.253361526271624623e-05,3.075427825411834462e-06
3.145000000000000000e+02,1.261023205834856848e-05,1.191239711284863403e-06
3.147500000000000000e+02,1.241482442243552993e-05,-6.493532102223362741e-07
3.150000000000000000e+02,1.196148139920940320e-05,-2.408662272306480508e-06
3.152500000000000000e+02,1.126928280402569445e-05,-4.052097334719377027e-06
3.155000000000000000e+02,1.036171356961660423e-05,-5.548792738463810517e-06
3.157500000000000000e+02,9.266005058898452314e-06,-6.872131828067872401e-06
3.160000000000000000e+02,8.012419867530821047e-06,-8.000162414107598913e-06
3.162500000000000000e+02,6.633497286318891596e-06,-8.915898108135377004e-06
3.165000000000000000e+02,5.163276863005978152e-06,-9.607503054730941349e-06
3.167500000000000000e+02,3.636517392482155106e-06,-1.006836015735403290e-05
3.170000000000000000e+02,2.087928180541872915e-06,-1.029702538782664373e-05
3.172500000000000000e+02,5.514285885574550093e-07,-1.029707312500779173e-05
3.175000000000000000e+02,-9.405492926251916442e-07,-1.007683963348021337e-05
3.177500000000000000e+02,-2.357701429415080758e-06,-9.649073725143635563e-06
3.180000000000000000e+02,-3.672424353455736674e-06,-9.030505314799745412e-06
3.182500000000000000e+02,-4.860309508917906787e-06,-8.241343964699135070e-06
3.185000000000000000e+02,-5.900551558071690883e-06,-7.304720598744154117e-06
3.187500000000000000e+02,-6.776264867476718147e-06,-6.246086343920259280e-06
3.190000000000000000e+02,-7.474704561569270209e-06,-5.092582915646499721e-06
3.192500000000000000e+02,-7.987390711520765850e-06,-3.872399099214781073e-06
3.195000000000000000e+02,-8.310136376659815890e-06,-2.614127691508933670e-06
3.197500000000000000e+02,-8.442982282900042163e-06,-1.346136765127163124e-06
3.200000000000000000e+02,-8.390042858279277315e-06,-9.596832106293706515e-08
3.202500000000000000e+02,-8.159270106208398632e-06,1.110223663465299707e-06
3.205000000000000000e+02,-7.762143347259101012e-06,2.248185070861659697e-06
3.207500000000000000e+02,-7.213294175010104869e-06,3.296014111253298342e-06
3.210000000000000000e+02,-6.530077034385590441e-06,4.234546783623129794e-06
3.212500000000000000e+02,-5.732096632946886480e-06,5.047669405389150494e-06
3.215000000000000000e+02,-4.840703932383010886e-06,5.722554065372752713e-06
3.217500000000000000e+02,-3.878472737653088557e-06,6.249814663607412626e-06
3.220000000000000000e+02,-2.868668905992329508e-06,6.623583003115798573e-06
3.222500000000000000e+02,-1.834723941802933986e-06,6.841506156716816396e-06
3.225000000000000000e+02,-7.997242359396101283e-07,6.904668008163801065e-06
3.227500000000000000e+02,2.140735344892028120e-07,6.817439423937452560e-06
3.230000000000000000e+02,1.185691283063125309e-06,6.587262915175350919e-06
3.232500000000000000e+02,2.095834238857745176e-06,6.224378869165367481e-06
3.235000000000000000e+02,2.927244369395872725e-06,5.741501444264184228e-06
3.237500000000000000e+02,3.664996739044811204e-06,5.153453016483924013e-06
3.240000000000000000e+02,4.296734497714344359e-06,4.476766633244056920e-06
3.242500000000000000e+02,4.812839687252500917e-06,3.729266269256369722e-06
3.245000000000000000e+02,5.206538547639892103e-06,2.929634795405344638e-06
3.247500000000000000e+02,5.473941471849443175e-06,2.096979471384952084e-06
3.250000000000000000e+02,5.614019169094816369e-06,1.250404466726870340e-06
3.252500000000000000e+02,5.628517924571549660e-06,4.085994149632948213e-07
