orbit,mode_selection,observer_radius,angular_rms_ratio,normalized_amplitude_rms_difference,fraction_within_reference_color_interval
41.1,All 18 allowed modes,10.0,1.0055502936666711,0.2817058148786722,0.05555555555555555
41.1,All 18 allowed modes,20.0,1.0041687408401927,0.2337400057895097,0.027777777777777776
41.1,All 18 allowed modes,30.0,1.0079821126884754,0.15298688862715923,0.125
41.1,All 18 allowed modes,40.0,1.0238704146208868,0.16797044739633066,0.06944444444444445
41.1,All 18 allowed modes,50.0,1.057940657009297,0.15795462827519022,0.2222222222222222
41.1,All 18 allowed modes,70.0,1.089957011291936,0.10814150516156715,0.1527777777777778
41.1,All 18 allowed modes,100.0,1.0461777754717487,0.057796645939676324,0.5833333333333334
41.1,All 18 allowed modes,150.0,1.124883968743985,0.13905552481027042,0.19444444444444445
41.1,All 18 allowed modes,180.0,1.1167085934324366,0.1299603687201777,0.3194444444444444
41.1,Six positive m modes,10.0,0.9853241717290038,0.14133570278757748,0.041666666666666664
41.1,Six positive m modes,20.0,0.9897689659742546,0.11823852194662914,0.06944444444444445
41.1,Six positive m modes,30.0,0.9985532151430497,0.10114434688133944,0.1111111111111111
41.1,Six positive m modes,40.0,1.0055740992155042,0.1428836230968335,0.1111111111111111
41.1,Six positive m modes,50.0,1.0435510136004673,0.142591083976714,0.2777777777777778
41.1,Six positive m modes,70.0,1.0864548274565409,0.10946695226872415,0.5
41.1,Six positive m modes,100.0,1.0458032247220126,0.057244530281991515,0.6388888888888888
41.1,Six positive m modes,150.0,1.1248747271724489,0.13885237662164104,0.19444444444444445
41.1,Six positive m modes,180.0,1.1167077299737165,0.12979034459481795,0.3194444444444444
42.1,All 18 allowed modes,10.0,0.9389150765010343,0.27917150781443545,0.041666666666666664
42.1,All 18 allowed modes,20.0,0.8152937246342562,0.2806629225336261,0.09722222222222222
42.1,All 18 allowed modes,30.0,0.6514978255606136,0.37554981585370134,0.0
42.1,All 18 allowed modes,40.0,0.5398610406175629,0.5030242806725083,0.0
42.1,All 18 allowed modes,50.0,0.5770192327069478,0.6314377926106636,0.0
42.1,All 18 allowed modes,70.0,1.366577577105827,0.9199011948679241,0.09722222222222222
42.1,All 18 allowed modes,100.0,1.15016302431471,0.1552324830951031,0.0
42.1,All 18 allowed modes,150.0,0.7139068427796421,0.5953142502074749,0.041666666666666664
42.1,All 18 allowed modes,180.0,2.0023795430805564,1.0604755335014593,0.06944444444444445
42.1,Six positive m modes,10.0,0.9188333202415595,0.15472219034352064,0.08333333333333333
42.1,Six positive m modes,20.0,0.8008286809000097,0.22002012217057254,0.0
42.1,Six positive m modes,30.0,0.6419138392430224,0.3636011719597668,0.0
42.1,Six positive m modes,40.0,0.5181722140967152,0.5030572754534228,0.0
42.1,Six positive m modes,50.0,0.5545327134953127,0.6182870861140985,0.0
42.1,Six positive m modes,70.0,1.3601321060630787,0.9194893815131046,0.08333333333333333
42.1,Six positive m modes,100.0,1.1497700340385026,0.15478692900629373,0.1111111111111111
42.1,Six positive m modes,150.0,0.7138876464816701,0.5944858444273866,0.041666666666666664
42.1,Six positive m modes,180.0,2.002377948450407,1.06047360727914,0.06944444444444445
