rp,x_over_M,y_over_M,selection,nominal_field_if_max_0p37,local_amplitude,local_over_reference,relative_difference,reference_interval_lower,reference_interval_upper,inside_reference_color_interval
41.1,-100,0,All 18 allowed modes,0.044159907300115875,0.047776886708509464,1.081906408539587,0.08190640853958708,0.04230156431054461,0.04649478563151796,False
41.1,100,0,All 18 allowed modes,0.012433371958285054,0.013274815677387758,1.0676762282931624,0.06767622829316244,0.010682213209733489,0.014339513325608342,True
41.1,0,100,All 18 allowed modes,0.044159907300115875,0.04682117211586228,1.0602642754129925,0.06026427541299251,0.04230156431054461,0.04649478563151796,False
41.1,0,-100,All 18 allowed modes,0.04030127462340672,0.04262572525866304,1.0576768515878725,0.0576768515878725,0.03845596755504056,0.04258400926998841,False
41.1,-50,50,All 18 allowed modes,0.06002317497103128,0.06240200347051162,1.0396318338813038,0.03963183388130376,0.058111239860950174,0.06257242178447277,True
41.1,50,-50,All 18 allowed modes,0.052091541135573585,0.05398026041456849,1.0362576963134824,0.03625769631348241,0.04999275782155273,0.05475086906141367,True
41.1,-150,0,All 18 allowed modes,0.024438006952491313,0.02824170030257051,1.1556466268903909,0.15564662689039088,0.022646292004634996,0.026506373117033605,False
41.1,150,0,All 18 allowed modes,0.03215527230590962,0.03351502050521906,1.0422869440001457,0.042286944000145654,0.03033748551564311,0.0343279258400927,True
41.1,-100,0,Six positive m modes,0.044159907300115875,0.048566895024652675,1.0997961271654488,0.09979612716544883,0.04230156431054461,0.04649478563151796,False
41.1,100,0,Six positive m modes,0.012433371958285054,0.012566258019665745,1.0106878537718114,0.010687853771811362,0.010682213209733489,0.014339513325608342,True
41.1,0,100,Six positive m modes,0.044159907300115875,0.04670332215141645,1.0575955659058618,0.05759556590586179,0.04230156431054461,0.04649478563151796,False
41.1,0,-100,Six positive m modes,0.04030127462340672,0.04228513051012466,1.0492256362920525,0.049225636292052455,0.03845596755504056,0.04258400926998841,True
41.1,-50,50,Six positive m modes,0.06002317497103128,0.06136485604073689,1.0223527174354428,0.02235271743544276,0.058111239860950174,0.06257242178447277,True
41.1,50,-50,Six positive m modes,0.052091541135573585,0.05480449722787678,1.0520805496086678,0.052080549608667814,0.04999275782155273,0.05475086906141367,False
41.1,-150,0,Six positive m modes,0.024438006952491313,0.028205470030284722,1.154164088958545,0.15416408895854494,0.022646292004634996,0.026506373117033605,False
41.1,150,0,Six positive m modes,0.03215527230590962,0.03345954510310894,1.0405617089723607,0.040561708972360666,0.03033748551564311,0.0343279258400927,True
42.1,-100,0,All 18 allowed modes,0.044159907300115875,0.05138619418636122,1.1636390864032993,0.16363908640329927,0.04230156431054461,0.04649478563151796,False
42.1,100,0,All 18 allowed modes,0.008360370799536502,0.010712665682704665,1.2813625064690402,0.28136250646904015,0.002563731170336037,0.010428736964078795,False
42.1,0,100,All 18 allowed modes,0.044159907300115875,0.04924394464831994,1.1151278990160092,0.11512789901600917,0.04230156431054461,0.04649478563151796,False
42.1,0,-100,All 18 allowed modes,0.04030127462340672,0.047345648593055366,1.1747928331169288,0.17479283311692884,0.03845596755504056,0.04258400926998841,False
42.1,-50,50,All 18 allowed modes,0.02829663962920046,0.033997751525531875,1.2014766407262085,0.20147664072620852,0.02649188876013905,0.0343279258400927,True
42.1,50,-50,All 18 allowed modes,0.03215527230590962,0.07338143010484927,2.282096366864321,1.2820963668643208,0.03033748551564311,0.0343279258400927,False
42.1,-150,0,All 18 allowed modes,0.008360370799536502,0.01663383664442355,1.9896051315505918,0.9896051315505918,0.006409327925840093,0.010428736964078795,False
42.1,150,0,All 18 allowed modes,0.03622827346465817,0.011404771445697475,0.3148030627742498,-0.6851969372257503,0.034183082271147164,0.038673232908458866,False
42.1,-100,0,Six positive m modes,0.044159907300115875,0.05220852752716615,1.1822608044068326,0.18226080440683257,0.04230156431054461,0.04649478563151796,False
42.1,100,0,Six positive m modes,0.008360370799536502,0.009581230340506088,1.1460293532718993,0.14602935327189925,0.002563731170336037,0.010428736964078795,True
42.1,0,100,Six positive m modes,0.044159907300115875,0.04909381163287647,1.1117281406237836,0.11172814062378356,0.04230156431054461,0.04649478563151796,False
42.1,0,-100,Six positive m modes,0.04030127462340672,0.04704006072698385,1.1672102474809392,0.16721024748093916,0.03845596755504056,0.04258400926998841,False
42.1,-50,50,Six positive m modes,0.02829663962920046,0.03536581751162389,1.2498239358120975,0.2498239358120975,0.02649188876013905,0.0343279258400927,False
42.1,50,-50,Six positive m modes,0.03215527230590962,0.07198114325641834,2.2385487073978023,1.2385487073978023,0.03033748551564311,0.0343279258400927,False
42.1,-150,0,Six positive m modes,0.008360370799536502,0.01653543593659453,1.977835233995991,0.977835233995991,0.006409327925840093,0.010428736964078795,False
42.1,150,0,Six positive m modes,0.03622827346465817,0.011265238940959963,0.31095158183426985,-0.6890484181657301,0.034183082271147164,0.038673232908458866,False
