rp,x_over_M,y_over_M,pixel_x,pixel_y,paper_value,paper_patch_min,paper_patch_max,max_RGB_distance,pixel_accepted,paper_RGB_tolerance_interval,local_interpolated_abs_field,local_over_pixel,amplitude_fitted
41.6,-100,0,1039.9444149485287,1409.3000000000002,0.012372389791183293,0.012267981438515083,0.012372389791183293,0.0,True,"[0.011850348027842229, 0.01269721577726218]",0.04789888313780761,3.8714334050436157,False
41.6,100,0,1877.055585051469,1409.3000000000002,0.0032308584686774958,0.003033642691415317,0.0034512761020881674,0.0,True,"[0.002836426914153131, 0.0036368909512761033]",0.011961079005593485,3.702136482162147,False
41.6,0,100,1458.4999999999989,990.6888372778885,0.012488399071925754,0.012372389791183293,0.012488399071925754,1.0,True,"[0.011966357308584686, 0.012824825986078887]",0.047551167765071414,3.8076271819314034,False
41.6,0,-100,1458.4999999999989,1827.9111627221118,0.011154292343387471,0.011038283062645014,0.011223897911832946,0.0,True,"[0.01062064965197216, 0.01161832946635731]",0.04205638225601459,3.7704213733421295,False
41.6,-50,50,1249.2222074742638,1199.9944186389444,0.018451276102088167,0.0183584686774942,0.01857888631090487,1.0,True,"[0.01789443155452436, 0.0190661252900232]",0.06669242348053561,3.6145155007998553,False
41.6,-50,-50,1249.2222074742638,1618.605581361056,0.01678074245939675,0.016757540603248258,0.016850348027842226,0.0,True,"[0.01630510440835267, 0.017244779582366587]",0.06366437125715019,3.7938947821405784,False
41.6,50,50,1667.777792525734,1199.9944186389444,0.011223897911832946,0.011154292343387471,0.011490719257540603,0.0,True,"[0.010841067285382831, 0.011745939675174014]",0.04634801573321871,4.129404605895042,False
41.6,50,-50,1667.777792525734,1618.605581361056,0.015330626450116007,0.01504060324825986,0.015493039443155453,0.0,True,"[0.014715777262180974, 0.01581786542923434]",0.053872834712702974,3.5140661008210343,False
41.6,-150,0,830.6666224227935,1409.3000000000002,0.00794083526682135,0.007859628770301628,0.00794083526682135,0.0,True,"[0.007488399071925757, 0.008265661252900236]",0.029871633284243377,3.7617747101559935,False
41.6,150,0,2086.3333775772044,1409.3000000000002,0.009309744779582366,0.009309744779582366,0.009309744779582366,0.0,True,"[0.009054524361948958, 0.009715777262180977]",0.03513327488588293,3.7738171902344035,False
41.6,0,150,1458.4999999999989,781.3832559168327,0.009158932714617173,0.00899651972157773,0.009158932714617173,0.0,True,"[0.008602088167053365, 0.009379350348027844]",0.03378659397689733,3.6889226102704864,False
41.6,0,-150,1458.4999999999989,2037.2167440831677,0.0034512761020881674,0.003370069605568446,0.003509280742459396,0.0,True,"[0.0031032482598607886, 0.0037296983758700747]",0.012998094897179452,3.766170689535693,False
41.6,-20,20,1374.7888829897047,1325.5777674555777,0.03497099767981438,0.034274941995359624,0.03536542923433874,0.0,True,"[0.033706496519721574, 0.035759860788863104]",0.15084619962350895,4.313465718210805,False
41.6,-20,-20,1374.7888829897047,1493.0222325444224,0.03497099767981438,0.034274941995359624,0.03559744779582366,0.0,True,"[0.033706496519721574, 0.03608468677494199]",0.13053740184655174,3.7327331362324636,False
41.6,20,20,1542.2111170102928,1325.5777674555777,0.02803364269141531,0.02717517401392111,0.029031322505800462,0.0,True,"[0.0269199535962877, 0.02922853828306264]",0.11523428864821934,4.110571355876892,False
41.6,20,-20,1542.2111170102928,1493.0222325444224,0.023416473317865425,0.022824825986078885,0.024182134570765658,0.0,True,"[0.02243039443155452, 0.02463457076566125]",0.1126520876917524,4.810805032959653,False
41.8,-100,0,1039.9444149485287,3328.599999999999,0.011966357308584686,0.011966357308584686,0.012151972157772622,0.0,True,"[0.011734338747099768, 0.012581206496519722]",0.05219917597159499,4.362160900389228,False
41.8,100,0,1877.055585051469,3328.599999999999,0.002674013921113688,0.002372389791183295,0.0029524361948955954,0.0,True,"[0.0021171693735498875, 0.00318445475638051]",0.011203406658387722,4.189733856629163,False
41.8,0,100,1458.4999999999989,2910.044355956699,0.011966357308584686,0.011850348027842229,0.012151972157772622,0.0,True,"[0.011629930394431554, 0.012581206496519722]",0.050816478403519466,4.2466121554855825,False
41.8,0,-100,1458.4999999999989,3747.155644043299,0.011154292343387471,0.01107308584686775,0.011154292343387471,0.0,True,"[0.010736658932714617, 0.01150232018561485]",0.04692368036332042,4.206782368505689,False
41.8,-50,50,1249.2222074742638,3119.322177978349,0.007685614849187936,0.007430394431554528,0.00794083526682135,0.0,True,"[0.007151972157772621, 0.008265661252900236]",0.09254976306364766,12.041946529941779,False
41.8,-50,-50,1249.2222074742638,3537.877822021649,0.004147331786542925,0.0039385150812064965,0.00439095127610209,0.0,True,"[0.0037412993039443176, 0.004634570765661254]",0.11180820813425037,26.95907004523742,False
41.8,50,50,1667.777792525734,3119.322177978349,0.012267981438515083,0.011792343387470997,0.012755220417633412,1.4142135623730951,True,"[0.011513921113689096, 0.01312645011600928]",0.05435560864491917,4.430688855973553,False
41.8,50,-50,1667.777792525734,3537.877822021649,0.009576566125290023,0.009309744779582366,0.009773781902552205,0.0,True,"[0.009054524361948958, 0.010052204176334106]",0.12930199293118153,13.501916160712112,False
41.8,-150,0,830.6666224227935,3328.599999999999,0.0022447795823665948,0.0021055684454756377,0.002372389791183295,0.0,True,"[0.0018387470997679872, 0.002558004640371231]",0.05463819667434917,24.34011655467125,False
41.8,150,0,2086.3333775772044,3328.599999999999,0.009158932714617173,0.008892111368909515,0.009263341067285387,0.0,True,"[0.008544083526682136, 0.009599767981438516]",0.028652878150286273,3.128407975370077,False
41.8,0,150,1458.4999999999989,2700.7665339350488,0.00509860788863109,0.00497099767981439,0.0052378190255220405,0.0,True,"[0.0047389791183294686, 0.005446635730858469]",0.04626943531408744,9.074915413138424,False
41.8,0,-150,1458.4999999999989,3956.4334660649492,0.004274941995359632,0.004193735498839911,0.004298143851508125,0.0,True,"[0.004008120649651975, 0.00454176334106729]",0.05520752871868134,12.91421702998732,False
41.8,-20,20,1374.7888829897047,3244.888871191339,0.040783062645011595,0.04013341067285382,0.04087587006960556,2.0,True,"[0.03969257540603248, 0.04087587006960556]",0.057869330041169224,1.4189549849377863,False
41.8,-20,-20,1374.7888829897047,3412.3111288086593,0.03714037122969837,0.03644431554524361,0.037894431554524356,0.0,True,"[0.03609628770301623, 0.03831206496519721]",0.04065204326619695,1.0945513445404274,False
41.8,20,20,1542.2111170102928,3244.888871191339,0.03497099767981438,0.034274941995359624,0.03544663573085846,0.0,True,"[0.033706496519721574, 0.03592227378190255]",0.056655820720036144,1.620080194416028,False
41.8,20,-20,1542.2111170102928,3412.3111288086593,0.02772041763341067,0.026629930394431553,0.02866009280742459,0.0,True,"[0.02635150812064965, 0.028926914153132248]",0.025724120526930416,0.9279845948614364,False
