rp,x_over_M,y_over_M,pixel_accepted,max_RGB_distance,fraction_of_colorbar_maximum,nominal_field_if_max_0p37,interval_from_colorband_and_tick_rounding
41.1,-100,0,True,0.0,0.11935110081112399,0.044159907300115875,"[0.04230156431054461, 0.04649478563151796]"
41.1,100,0,True,0.0,0.03360370799536501,0.012433371958285054,"[0.010682213209733489, 0.014339513325608342]"
41.1,0,100,True,0.0,0.11935110081112399,0.044159907300115875,"[0.04230156431054461, 0.04649478563151796]"
41.1,0,-100,True,0.0,0.10892236384704519,0.04030127462340672,"[0.03845596755504056, 0.04258400926998841]"
41.1,-50,50,True,0.0,0.16222479721900346,0.06002317497103128,"[0.058111239860950174, 0.06257242178447277]"
41.1,50,-50,True,0.0,0.14078794901506375,0.052091541135573585,"[0.04999275782155273, 0.05475086906141367]"
41.1,-150,0,True,0.0,0.06604866743916571,0.024438006952491313,"[0.022646292004634996, 0.026506373117033605]"
41.1,150,0,True,0.0,0.0869061413673233,0.03215527230590962,"[0.03033748551564311, 0.0343279258400927]"
42.1,-100,0,True,0.0,0.11935110081112399,0.044159907300115875,"[0.04230156431054461, 0.04649478563151796]"
42.1,100,0,True,0.0,0.022595596755504058,0.008360370799536502,"[0.002563731170336037, 0.010428736964078795]"
42.1,0,100,True,0.0,0.11935110081112399,0.044159907300115875,"[0.04230156431054461, 0.04649478563151796]"
42.1,0,-100,True,0.0,0.10892236384704519,0.04030127462340672,"[0.03845596755504056, 0.04258400926998841]"
42.1,-50,50,True,0.0,0.07647740440324449,0.02829663962920046,"[0.02649188876013905, 0.0343279258400927]"
42.1,50,-50,True,0.0,0.0869061413673233,0.03215527230590962,"[0.03033748551564311, 0.0343279258400927]"
42.1,-150,0,True,0.0,0.022595596755504058,0.008360370799536502,"[0.006409327925840093, 0.010428736964078795]"
42.1,150,0,True,0.0,0.09791425260718424,0.03622827346465817,"[0.034183082271147164, 0.038673232908458866]"
