ell,m,reference,r,abs_source,pdf_x,pdf_y
2,2,Li,1.4899998808485313,0.12316194016061117,47.629295349121094,25.499496459960938
2,2,Li,1.7174768777772809,0.09117322208577967,51.913230895996094,27.935470581054688
2,2,Li,1.9688937784544538,0.07044073229383988,56.03239822387695,30.025177001953125
2,2,Li,2.232580460082499,0.057264169421483886,59.82202911376953,31.702651977539062
2,2,Li,2.517785508819792,0.04840009670927739,63.446895599365234,33.064849853515625
2,2,Li,2.8239507434675843,0.04242072542635712,66.90699768066406,34.13294982910156
2,2,Li,3.167345575966052,0.03823187604193859,70.36709594726562,34.97508239746094
2,2,Li,3.5719643453461187,0.035262441275129196,73.9919662475586,35.629974365234375
2,2,Li,4.07253875143748,0.033224832883655415,77.94636535644531,36.112091064453125
2,2,Li,4.720012113445943,0.03197374066905953,82.39506530761719,36.42298889160156
2,2,Li,5.68373444364103,0.03137096668282682,87.99713134765625,36.5771484375
2,2,Li,9.81655760894456,0.030261995824125875,104.47379302978516,36.86866760253906
2,2,Li,11.070593003572508,0.02892798135593515,108.09866333007812,37.23384094238281
2,2,Li,12.148319839288849,0.02723110226177058,110.89969635009766,37.723480224609375
2,2,Li,13.114199092419232,0.025243114326751134,113.20642852783203,38.33750915527344
2,2,Li,14.002989809971776,0.023002274097995056,115.18362426757812,39.090484619140625
2,2,Li,14.7894944202818,0.02067700533627003,116.83129119873047,39.953704833984375
2,2,Li,15.450389697022981,0.018466701411789747,118.14942932128906,40.86943054199219
2,2,Li,16.052852507939253,0.01624267793312043,119.30279541015625,41.90887451171875
2,2,Li,16.58791382401094,0.014096905079730644,120.29139709472656,43.05653381347656
2,2,Li,17.140805054545318,0.0117081717522076,121.27999114990234,44.56044006347656
2,2,Li,17.615604379679045,0.009515688034129877,122.10382843017578,46.23992919921875
2,2,Li,18.00489314138088,0.007619628937477216,122.76289367675781,48.03985595703125
2,2,Li,18.402784829029557,0.005589269454350855,123.42195892333984,50.54986572265625
2,2,Li,18.70696465834032,0.003974073042907477,123.916259765625,53.312416076660156
2,2,Li,18.912540922141844,0.0028520918855416697,124.24579620361328,55.999488830566406
2,2,Li,19.120371485042558,0.001695128825356359,124.57532501220703,60.21385192871094
2,2,Li,19.225146515424385,0.0011066973140041077,124.74009704589844,63.667503356933594
2,2,Li,19.43641231194523,0.0002590070111391124,125.06962585449219,75.43092346191406
2,2,Li,19.65000468771392,0.0014185191795803836,125.39916229248047,61.656822204589844
2,2,Li,19.974799827547088,0.0033825592144332032,125.89346313476562,54.6177978515625
2,2,Li,20.08425183742509,0.0035136963658618813,126.0582275390625,54.30970764160156
2,2,Li,20.528095452380384,0.003245479790621057,126.71729278564453,54.95288848876953
2,2,Li,21.91934935652884,0.002549384865184475,128.69448852539062,56.90830993652344
2,2,Li,23.277350504936173,0.001964686298458521,130.50692749023438,59.01850891113281
2,2,Li,24.450782858423747,0.001523510788787154,131.9898223876953,61.078453063964844
2,2,Li,25.54341672640341,0.0011606916426267827,133.30796813964844,63.281654357910156
2,2,Li,26.5394407065856,0.0008691618861983893,134.46133422851562,65.62450408935547
2,2,Li,27.57430302150288,0.0006104546601537806,135.6147003173828,68.4864273071289
2,2,Li,29.123058934101408,0.00035972018612580824,137.26235961914062,72.77031707763672
2,2,Li,29.443093230739933,0.0003427337872084692,137.59188842773438,73.1621322631836
2,2,Li,29.766659459293145,0.00034109326802036474,137.9214324951172,73.20099639892578
2,2,Li,30.093766304246802,0.00035417984553862364,138.25096130371094,72.89604187011719
2,2,Li,30.591178752057193,0.00039622822505202144,138.74525451660156,71.98734283447266
2,2,Li,33.0233986208374,0.0007326691787122034,141.05198669433594,67.00826263427734
2,2,Li,34.31109232625581,0.0009125293187912405,142.20535278320312,65.23011016845703
2,2,Li,35.64901559374745,0.0010827514004756688,143.35873413085938,63.844688415527344
2,2,Li,37.24204683520522,0.0012612655295506144,144.67686462402344,62.608551025390625
2,2,Li,39.119452197867204,0.0014391327124765687,146.15975952148438,61.53996276855469
2,2,Li,41.316681241036484,0.0016066544052136488,147.80743408203125,60.648048400878906
2,2,Li,43.87641113774703,0.0017535228212924552,149.61985778808594,59.93952178955078
2,2,Li,46.8500660387419,0.0018691014305147738,151.59706115722656,59.42249298095703
2,2,Li,50.299369358276756,0.0019429030326210712,153.73902893066406,59.10881805419922
2,2,Li,54.00262522038254,0.00196569325403068,155.88099670410156,59.01435852050781
2,2,Li,58.296224335731196,0.001937464491316871,158.18772888183594,59.13152313232422
2,2,Li,63.27602740445217,0.0018533691500144506,160.6592254638672,59.49095916748047
2,2,Li,68.68121717507046,0.0017227450854662135,163.13072204589844,60.08295440673828
2,2,Li,74.54813119821887,0.0015564433978244208,165.6022186279297,60.90522766113281
2,2,Li,80.91625201441254,0.0013662492046777014,168.07373046875,61.96092987060547
2,2,Li,87.82831200941628,0.0011641657480592792,170.54522705078125,63.2574462890625
2,2,Li,95.33081671960556,0.0009616262906188745,173.0167236328125,64.80562591552734
2,2,Li,103.47420334632731,0.0007687061711847453,175.48822021484375,66.61934661865234
2,2,Li,112.31327439583144,0.0005934491874037158,177.95973205566406,68.71527099609375
2,2,Li,121.90734322048523,0.00044140997116087305,180.4312286376953,71.11267852783203
2,2,Li,132.32096037642344,0.00031547326650532446,182.90272521972656,73.83345794677734
2,2,Li,143.62413364445177,0.00021598924332534962,185.3742218017578,76.90209197998047
2,2,Li,155.89285103764075,0.00014118628386814938,187.84571838378906,80.34577941894531
2,2,Li,169.20967727905142,8.77883552800052e-05,190.31723022460938,84.19448852539062
2,2,Li,183.66397307218455,5.171305887098158e-05,192.78872680664062,88.48114013671875
2,2,Li,199.35298942170076,2.873092607334192e-05,195.26022338867188,93.24178314208984
2,2,Li,216.38219911397255,1.4982156669985113e-05,197.73171997070312,98.51578521728516
2,2,Li,234.866203532106,7.294079756471426e-06,200.20323181152344,104.34611511230469
2,2,Li,254.92903700743204,3.296323032182379e-06,202.6747283935547,110.77955627441406
2,2,Li,276.7056857571794,1.3741103280747867e-06,205.14622497558594,117.86703491210938
2,2,Li,300.342547985692,5.247787248858768e-07,207.6177215576172,125.6639404296875
2,2,Li,325.9985275824685,1.8224836635587278e-07,210.08921813964844,134.2305145263672
2,2,Li,349.9999409940062,6.70669417013193e-08,212.23118591308594,142.327880859375
2,2,Dyson_replotted_by_Li,1.4899998808485313,0.126521728279719,47.629295349121094,25.281494140625
2,2,Dyson_replotted_by_Li,1.5146281049809254,0.1197293188558019,48.12359619140625,25.72845458984375
2,2,Dyson_replotted_by_Li,1.6172794429784896,0.10336323150182569,50.10079574584961,26.919021606445312
2,2,Dyson_replotted_by_Li,1.8439249107606859,0.07941381686152744,54.055198669433594,29.053985595703125
2,2,Dyson_replotted_by_Li,2.1023321981356826,0.06292685064416882,58.00959777832031,30.9388427734375
2,2,Dyson_replotted_by_Li,2.3708984459156666,0.05236199216928193,61.634464263916016,32.42755126953125
2,2,Dyson_replotted_by_Li,2.6592020668861895,0.04519616146632772,65.09456634521484,33.61961364746094
2,2,Dyson_replotted_by_Li,2.982563319007989,0.040128065641372,68.5546646118164,34.58299255371094
2,2,Dyson_replotted_by_Li,3.363575865651171,0.03648015524376818,72.17952728271484,35.35498046875
2,2,Dyson_replotted_by_Li,3.8140476575788482,0.033994446045359825,75.96916198730469,35.926605224609375
2,2,Dyson_replotted_by_Li,4.372375460085636,0.032387114948348,80.08832550048828,36.318939208984375
2,2,Dyson_replotted_by_Li,5.151279485994221,0.03145991521160455,85.03132629394531,36.55421447753906
2,2,Dyson_replotted_by_Li,6.480251910903412,0.031140336005956348,91.95153045654297,36.63691711425781
2,2,Dyson_replotted_by_Li,9.04399767257506,0.030626169338132347,102.0022964477539,36.77177429199219
2,2,Dyson_replotted_by_Li,10.424734360458743,0.029550874526365727,106.28622436523438,37.061279296875
2,2,Dyson_replotted_by_Li,11.62867163885063,0.027976059323961192,109.58155822753906,37.50486755371094
2,2,Dyson_replotted_by_Li,12.691186247039052,0.02603878850163404,112.21782684326172,38.08613586425781
2,2,Dyson_replotted_by_Li,13.625565951318388,0.02388247527587581,114.35979461669922,38.78631591796875
2,2,Dyson_replotted_by_Li,14.469726681375567,0.021552756249705884,116.17222595214844,39.617706298828125
2,2,Dyson_replotted_by_Li,15.199162574576372,0.019237418560358228,117.6551284790039,40.538238525390625
2,2,Dyson_replotted_by_Li,15.878360595111419,0.016822493041278253,118.97325897216797,41.62477111816406
2,2,Dyson_replotted_by_Li,16.497511434958273,0.014398304447894661,120.12662506103516,42.88517761230469
2,2,Dyson_replotted_by_Li,17.047393779914163,0.012063734611499543,121.11522674560547,44.318115234375
2,2,Dyson_replotted_by_Li,17.519605618053337,0.009920451972033721,121.9390640258789,45.90251159667969
2,2,Dyson_replotted_by_Li,17.906772894835733,0.008066551667582633,122.59812927246094,47.57817077636719
2,2,Dyson_replotted_by_Li,18.30249621468663,0.006080946488211819,123.25719451904297,49.866943359375
2,2,Dyson_replotted_by_Li,18.60501837240713,0.004500874691669866,123.75149536132812,52.30413055419922
2,2,Dyson_replotted_by_Li,18.912540922141844,0.0028401463797654105,124.24579620361328,56.033485412597656
2,2,Dyson_replotted_by_Li,19.120371485042558,0.0016898187198883512,124.57532501220703,60.23926544189453
2,2,Dyson_replotted_by_Li,19.225146515424385,0.0011064711356026738,124.74009704589844,63.669158935546875
2,2,Dyson_replotted_by_Li,19.43641231194523,0.00026045553315812376,125.06962585449219,75.38574981689453
2,2,Dyson_replotted_by_Li,19.65000468771392,0.0013782840069995798,125.39916229248047,61.889892578125
2,2,Dyson_replotted_by_Li,19.974799827547088,0.0034322276217939587,125.89346313476562,54.499725341796875
2,2,Dyson_replotted_by_Li,20.08425183742509,0.003597976516183915,126.0582275390625,54.117713928222656
2,2,Dyson_replotted_by_Li,20.30496350975649,0.003312185800683027,126.38776397705078,54.78809356689453
2,2,Dyson_replotted_by_Li,20.64057924824461,0.0031676689303017772,126.8820571899414,55.149452209472656
2,2,Dyson_replotted_by_Li,22.898860876045294,0.00210490751110458,130.01263427734375,58.460105895996094
2,2,Dyson_replotted_by_Li,24.18501291934047,0.0016071311702241708,131.66029357910156,60.64564514160156
2,2,Dyson_replotted_by_Li,25.265757520948128,0.0012392632622194586,132.97842407226562,62.7510986328125
2,2,Dyson_replotted_by_Li,26.25095463212082,0.0009419915545577053,134.1317901611328,64.97272491455078
2,2,Dyson_replotted_by_Li,27.274567901885163,0.0006740483257268433,135.28515625,67.6837387084961
2,2,Dyson_replotted_by_Li,29.28263887290695,0.0003464915546128462,137.4271240234375,73.07380676269531
2,2,Dyson_replotted_by_Li,29.60442679898354,0.0003376410616165631,137.75665283203125,73.28339385986328
2,2,Dyson_replotted_by_Li,29.9297660102124,0.00034399511036537026,138.08619689941406,73.13237762451172
2,2,Dyson_replotted_by_Li,30.258665238665976,0.00036396917983069017,138.4157257080078,72.67520141601562
2,2,Dyson_replotted_by_Li,30.927361919302204,0.0004335137106181024,139.07479858398438,71.2588882446289
2,2,Dyson_replotted_by_Li,32.486438287398016,0.0006522988435040508,140.5576934814453,67.94940948486328
2,2,Dyson_replotted_by_Li,33.75319409816275,0.0008333082787903148,141.7110595703125,65.9657211303711
2,2,Dyson_replotted_by_Li,35.06934499095869,0.0010072877380921724,142.8644256591797,64.42986297607422
2,2,Dyson_replotted_by_Li,36.63647275753456,0.001191450914405972,144.18255615234375,63.069793701171875
2,2,Dyson_replotted_by_Li,38.27363004526082,0.0013571633183540742,145.5006866455078,62.014976501464844
2,2,Dyson_replotted_by_Li,40.203058798843195,0.0015198902828991862,146.9835968017578,61.09772491455078
2,2,Dyson_replotted_by_Li,42.4611294732207,0.0016703135120923916,148.63125610351562,60.33330535888672
2,2,Dyson_replotted_by_Li,45.09178523080739,0.001798491084393137,150.44369506835938,59.73442077636719
2,2,Dyson_replotted_by_Li,48.14781020343421,0.001894211584330024,152.4208984375,59.31439971923828
2,2,Dyson_replotted_by_Li,51.692659028742284,0.0019475770505455931,154.5628662109375,59.08935546875
2,2,Dyson_replotted_by_Li,55.80259913202557,0.0019498604211963181,156.86959838867188,59.079864501953125
2,2,Dyson_replotted_by_Li,60.23930918620622,0.001900045854887837,159.17633056640625,59.28948974609375
2,2,Dyson_replotted_by_Li,65.38509521542657,0.0017965507997001822,161.6478271484375,59.7431640625
2,2,Dyson_replotted_by_Li,70.97044660846392,0.0016509712451738317,164.11932373046875,60.427650451660156
2,2,Dyson_replotted_by_Li,77.03291209120201,0.001474544787264669,166.5908203125,61.34306335449219
2,2,Dyson_replotted_by_Li,83.61329020578741,0.0012791709206786614,169.0623321533203,62.49436950683594
2,2,Dyson_replotted_by_Li,90.75573766095526,0.0010766566662578122,171.53382873535156,63.890411376953125
2,2,Dyson_replotted_by_Li,98.50831007980146,0.0008779179576952761,174.0053253173828,65.5433120727539
2,2,Dyson_replotted_by_Li,106.9231257976222,0.0006922351319677448,176.47682189941406,67.46808624267578
2,2,Dyson_replotted_by_Li,116.056755222708,0.0005266553488613068,178.9483184814453,69.68244934082031
2,2,Dyson_replotted_by_Li,125.97066489307234,0.0003856398952680667,181.41983032226562,72.20674133300781
2,2,Dyson_replotted_by_Li,136.73138071560373,0.00027101391386333057,183.89132690429688,75.06387329101562
2,2,Dyson_replotted_by_Li,148.41130264942782,0.0001822148649692619,186.36282348632812,78.27942657470703
2,2,Dyson_replotted_by_Li,161.08895148154113,0.00011679993776129649,188.83432006835938,81.88167572021484
2,2,Dyson_replotted_by_Li,174.8496439187636,7.110475125927158e-05,191.3058319091797,85.9017562866211
2,2,Dyson_replotted_by_Li,189.7857191667406,4.093741867265762e-05,193.77732849121094,90.37382507324219
2,2,Dyson_replotted_by_Li,205.99766972571837,2.2187344839459525e-05,196.2488250732422,95.33523559570312
2,2,Dyson_replotted_by_Li,223.59448391975093,1.1263330058638073e-05,198.72032165527344,100.82676696777344
2,2,Dyson_replotted_by_Li,242.6944601164974,5.32624661540049e-06,201.1918182373047,106.89287567138672
2,2,Dyson_replotted_by_Li,263.4261353255427,2.332239807182896e-06,203.663330078125,113.58197021484375
2,2,Dyson_replotted_by_Li,285.9286265592915,9.395026760647073e-07,206.13482666015625,120.94673156738281
2,2,Dyson_replotted_by_Li,310.3533344747646,3.4572030005851434e-07,208.6063232421875,129.04443359375
2,2,Dyson_replotted_by_Li,336.8644594235196,1.1532275340619878e-07,211.07781982421875,137.93734741210938
2,2,Dyson_replotted_by_Li,349.9999409940062,6.665042967645584e-08,212.23118591308594,142.3783416748047
3,3,Li,1.49000019257579,6.612357080763537e-05,295.3092956542969,78.14813995361328
3,3,Li,1.6440111745576915,5.4455792099036264e-05,298.27508544921875,79.8658676147461
3,3,Li,1.7942262275829908,4.71518533431536e-05,300.911376953125,81.14012908935547
3,3,Li,1.947493310541546,4.235445547431423e-05,303.38287353515625,82.08952331542969
3,3,Li,2.1023330903981554,3.9334816698146665e-05,305.6896057128906,82.74395751953125
3,3,Li,2.2694837507575416,3.7493935101927994e-05,307.996337890625,83.16805267333984
3,3,Li,2.4499240955090897,3.666916236089392e-05,310.3030700683594,83.36486053466797
3,3,Li,2.6447107505187204,3.675878402665156e-05,312.60980224609375,83.34326171875
3,3,Li,2.8706282495328663,3.782903489452051e-05,315.081298828125,83.08932495117188
3,3,Li,3.1158441600465676,3.995811455749819e-05,317.55279541015625,82.60485076904297
3,3,Li,3.3820069983900383,4.331655200282525e-05,320.0242919921875,81.89078521728516
3,3,Li,3.6709061010895523,4.8229910594902983e-05,322.49578857421875,80.94010925292969
3,3,Li,3.984483654064396,5.523399917956295e-05,324.96728515625,79.74031829833984
3,3,Li,4.32484774938651,6.515973551650632e-05,327.43878173828125,78.27806091308594
3,3,Li,4.694291308659353,7.92582733260583e-05,329.9103088378906,76.54499053955078
3,3,Li,5.095288866478543,9.938171906652357e-05,332.3818054199219,74.54306030273438
3,3,Li,5.560845211846957,0.00013056481668627184,335.01806640625,72.12841033935547
3,3,Li,6.135631199119479,0.00018367314835704453,337.9838562011719,69.10867309570312
3,3,Li,6.881732611296729,0.00028375015475817317,341.4439697265625,65.26033020019531
3,3,Li,7.9758260737708255,0.0005168188630630651,345.8926696777344,59.955047607421875
3,3,Li,9.9244371289927,0.0013126242919737944,352.48333740234375,51.707847595214844
3,3,Li,18.004896533725258,0.016903473283277376,370.4429016113281,29.096710205078125
3,3,Li,19.9747932544865,0.026015992869118133,373.5734558105469,25.281494140625
3,3,Li,20.194296920561637,0.025783690830208015,373.9029846191406,25.360855102539062
3,3,Li,24.991120303864907,0.018573880612664812,380.3288879394531,28.262893676757812
3,3,Li,29.76666342316368,0.013813934662815075,385.6014404296875,30.882614135742188
3,3,Li,34.87823360466775,0.010275082587350895,390.3796691894531,33.501251220703125
3,3,Li,40.42335567274542,0.007584843152912829,394.828369140625,36.187255859375
3,3,Li,46.85006994237781,0.005433304821509045,399.2770690917969,39.139007568359375
3,3,Li,54.29853650387507,0.0037724668671951784,403.72576904296875,42.366943359375
3,3,Li,63.27603058682282,0.0025039970014951725,408.3392333984375,45.99324035644531
3,3,Li,74.95662040920627,0.0015389924608361508,413.4469909667969,50.30012512207031
3,3,Li,88.30952417501413,0.0009304932751392685,418.3899841308594,54.75218963623047
3,3,Li,101.23693329660547,0.0005917753396068054,422.5091552734375,58.7567138671875
3,3,Li,112.92869400379654,0.0003982362399258871,425.80450439453125,62.261268615722656
3,3,Li,124.60134958070117,0.0002688193069685153,428.7702941894531,65.73860931396484
3,3,Li,135.9861700411068,0.000182670212999907,431.40655517578125,69.15711975097656
3,3,Li,148.41122110376415,0.00011904504770819851,434.0428161621094,72.94568634033203
3,3,Li,161.08886151900492,7.626638343977912e-05,436.5143127441406,76.88545989990234
3,3,Li,174.84963318252377,4.657398062346235e-05,438.98583984375,81.24923706054688
3,3,Li,189.78570580384502,2.6965459728696985e-05,441.45733642578125,86.0845718383789
3,3,Li,205.99765336575882,1.4721472463643365e-05,443.9288330078125,91.43985748291016
3,3,Li,223.59446414820354,7.535521339844727e-06,446.40032958984375,97.36521911621094
3,3,Li,242.69443646988853,3.5951329738628735e-06,448.871826171875,103.91320037841797
3,3,Li,263.42597397400726,1.588616812049059e-06,451.34332275390625,111.13956451416016
3,3,Li,285.9284488491522,6.458069534893821e-07,453.8148193359375,119.10386657714844
3,3,Li,310.35313878861916,2.397872143945661e-07,456.28631591796875,127.87007141113281
3,3,Li,336.8642439870093,8.068697169487849e-08,458.7578125,137.5071563720703
3,3,Li,349.9998928101141,4.681798247180623e-08,459.91119384765625,142.3232421875
3,3,Dyson_replotted_by_Li,1.49000019257579,6.788680445638937e-05,295.3092956542969,77.91529083251953
3,3,Dyson_replotted_by_Li,1.5146280358779194,6.42840165768941e-05,295.8035888671875,78.39778137207031
3,3,Dyson_replotted_by_Li,1.599700401344458,5.7322255737527175e-05,297.4512634277344,79.4119644165039
3,3,Dyson_replotted_by_Li,1.7458649647382942,4.9125763690703444e-05,300.0875244140625,80.77726745605469
3,3,Dyson_replotted_by_Li,1.8950009133000552,4.370041267579868e-05,302.55902099609375,81.8127212524414
3,3,Dyson_replotted_by_Li,2.045667168560184,4.020519110000453e-05,304.8657531738281,82.55030822753906
3,3,Dyson_replotted_by_Li,2.2083124789831876,3.796320482916658e-05,307.1724853515625,83.05799865722656
3,3,Dyson_replotted_by_Li,2.383889265948,3.678792410421732e-05,309.4792175292969,83.33625030517578
3,3,Dyson_replotted_by_Li,2.573425675210058,3.655384124699303e-05,311.78594970703125,83.39273071289062
3,3,Dyson_replotted_by_Li,2.793256660268107,3.7278464248536e-05,314.2574768066406,83.21904754638672
3,3,Dyson_replotted_by_Li,3.031863305122788,3.902801795926187e-05,316.7289733886719,82.81324005126953
3,3,Dyson_replotted_by_Li,3.2908522985738715,4.192891179471207e-05,319.2004699707031,82.17887115478516
3,3,Dyson_replotted_by_Li,3.5719647494431945,4.624862785125185e-05,321.6719665527344,81.31126403808594
3,3,Dyson_replotted_by_Li,3.877090496220086,5.2442831547999014e-05,324.1434631347656,80.19913482666016
3,3,Dyson_replotted_by_Li,4.208280811904235,6.122881559101392e-05,326.6149597167969,78.82862091064453
3,3,Dyson_replotted_by_Li,4.5677621941265265,7.369491835856564e-05,329.0864562988281,77.18893432617188
3,3,Dyson_replotted_by_Li,4.957951333254893,9.146046722051749e-05,331.5579528808594,75.27799224853516
3,3,Dyson_replotted_by_Li,5.4109591535592685,0.00011895034068291088,334.1942138671875,72.95272827148438
3,3,Dyson_replotted_by_Li,5.9702585016635945,0.00016572057795539343,337.1600341796875,70.01873779296875
3,3,Dyson_replotted_by_Li,6.659751447470407,0.0002485117978555468,340.4553527832031,66.4336166381836
3,3,Dyson_replotted_by_Li,7.634655710785631,0.0004289765110374349,344.57452392578125,61.603355407714844
3,3,Dyson_replotted_by_Li,9.243864176677974,0.0009614562926761775,350.34136962890625,54.462554931640625
3,3,Dyson_replotted_by_Li,19.9747932544865,0.025953749287954013,373.5734558105469,25.302688598632812
3,3,Dyson_replotted_by_Li,20.0842452162866,0.02599182160804304,373.73822021484375,25.289718627929688
3,3,Dyson_replotted_by_Li,20.640588050102416,0.02483218009480284,374.56207275390625,25.693557739257812
3,3,Dyson_replotted_by_Li,27.1259213952521,0.016136591701360465,382.8003845214844,29.507522583007812
3,3,Dyson_replotted_by_Li,32.13332809233611,0.011952528036645947,387.9081726074219,32.163238525390625
3,3,Dyson_replotted_by_Li,37.44611884856171,0.008860821162131334,392.5216369628906,34.811492919921875
3,3,Dyson_replotted_by_Li,43.39949660113316,0.006448554274899911,396.9703369140625,37.623260498046875
3,3,Dyson_replotted_by_Li,50.02525954121717,0.004612023751443437,401.2542724609375,40.58903503417969
3,3,Dyson_replotted_by_Li,57.97853417626614,0.0031588801644718534,405.7029724121094,43.93757629394531
3,3,Dyson_replotted_by_Li,67.93468351855672,0.002038252081450045,410.481201171875,47.81413269042969
3,3,Dyson_replotted_by_Li,80.47524849291756,0.001235722593254574,415.5889587402344,52.242027282714844
3,3,Dyson_replotted_by_Li,93.78069121175302,0.0007617069402299382,420.2024230957031,56.523155212402344
3,3,Dyson_replotted_by_Li,105.76091480784989,0.0005043908708234134,423.8273010253906,60.17041778564453
3,3,Dyson_replotted_by_Li,117.33210483798703,0.0003414306079635378,426.9578552246094,63.62299346923828
3,3,Dyson_replotted_by_Li,128.75440017569383,0.0002322638238328916,429.7588806152344,67.03189086914062
3,3,Dyson_replotted_by_Li,140.51882693199974,0.00015549122569345013,432.3951721191406,70.58248138427734
3,3,Dyson_replotted_by_Li,152.52228021650453,0.00010254106138958274,434.8666687011719,74.26615905761719
3,3,Dyson_replotted_by_Li,165.55109710458544,6.468876048493769e-05,437.3381652832031,78.34224700927734
3,3,Dyson_replotted_by_Li,179.6928666003915,3.8830306704855577e-05,439.8096618652344,82.8581771850586
3,3,Dyson_replotted_by_Li,195.04265976967505,2.205875758430036e-05,442.2811584472656,87.86167907714844
3,3,Dyson_replotted_by_Li,211.7036688753361,1.1793965584887367e-05,444.7526550292969,93.40164184570312
3,3,Dyson_replotted_by_Li,229.78790110944874,5.900821440135295e-06,447.2241516113281,99.52889251708984
3,3,Dyson_replotted_by_Li,249.41693158553184,2.7460531560946942e-06,449.6956481933594,106.29701232910156
3,3,Dyson_replotted_by_Li,270.72272065321494,1.1810146262164558e-06,452.1671447753906,113.76292419433594
3,3,Dyson_replotted_by_Li,293.8487984459746,4.661849830797375e-07,454.638671875,121.98760986328125
3,3,Dyson_replotted_by_Li,318.95006353524985,1.6764821660301378e-07,457.11016845703125,131.03665161132812
3,3,Dyson_replotted_by_Li,346.1955385461386,5.4488529887737074e-08,459.5816650390625,140.9807891845703
3,3,Dyson_replotted_by_Li,349.9998928101141,4.652733897362686e-08,459.91119384765625,142.3783416748047
