ell,m,requested_near_r,r,local_abs_source_literal_zeta_units,local_interpolation,Li_abs_source,local_over_Li,Dyson_replotted_by_Li_abs_source,local_over_Dyson_replotted_by_Li,Li_over_Dyson
2,2,3.5,3.30500028387956,0.7997840317663624,none: original cached Gauss sample,0.037153535791355455,21.52645810772198,0.03699178309234412,21.620586111510992,1.0043726656432739
2,2,5.0,4.7751519637434745,0.6883809277064883,none: original cached Gauss sample,0.03193572335752329,21.555200738683826,0.031885385759285484,21.589230028556948,1.0015787043825601
2,2,8.0,8.449696072513051,0.6688233861214885,none: original cached Gauss sample,0.030562316531140547,21.883923145682076,0.030730317978412122,21.76428459319338,0.9945330390857134
2,2,10.0,9.550303927486949,0.6565833447988112,none: original cached Gauss sample,0.030316849860210902,21.657373633021766,0.03020936585850813,21.734429907402106,1.0035579694789423
2,2,15.0,15.266261430017401,0.41172600092954065,none: original cached Gauss sample,0.019048203720872098,21.614951570388303,0.018979154392480876,21.693590368423234,1.0036381667467007
2,2,25.0,24.74467590083671,0.0305608578502936,none: original cached Gauss sample,0.0014143618990991621,21.607523413744726,0.0014027385589259218,21.78656718019791,1.0082861771349183
2,2,50.0,49.48935180167342,0.041604833590600354,none: original cached Gauss sample,0.0019257841169866585,21.604100492687046,0.001914680360555658,21.729388595455298,1.005799274207721
2,2,100.0,98.97870360334684,0.018771083508859438,none: original cached Gauss sample,0.0008678730152659096,21.6288364526556,0.0008658770838942056,21.678693036242684,1.002305097812183
2,2,200.0,197.9574072066937,0.000652146146248875,none: original cached Gauss sample,3.0215229334727713e-05,21.583359140661372,2.9875181629128554e-05,21.829026994534722,1.0113822807780894
3,3,3.5,3.30500028387956,0.0009122604425326134,none: original cached Gauss sample,4.2345317310719836e-05,21.543360646908464,4.214464005634626e-05,21.64594219604072,1.004761631707028
3,3,5.0,4.7751519637434745,0.0017875166521241154,none: original cached Gauss sample,8.308409689753385e-05,21.514546331635863,8.284120097575066e-05,21.5776284152056,1.0029320666398147
3,3,8.0,8.449696072513051,0.014194602785527324,none: original cached Gauss sample,0.0006610319800041426,21.47339798210424,0.0006581321685472599,21.56801242045354,1.004406123261356
3,3,10.0,9.550303927486949,0.023959816934532526,none: original cached Gauss sample,0.0011142339753087366,21.503398267759373,0.0011053761955255544,21.675712785854557,1.0080133621648788
3,3,15.0,15.266261430017401,0.1814040779173262,none: original cached Gauss sample,0.008328021094708043,21.78237493089416,0.008219396646244699,22.070242588938278,1.0132156231337215
3,3,25.0,24.74467590083671,0.40654062476232433,none: original cached Gauss sample,0.01885933209387402,21.55646990777467,0.01865360405636595,21.794213254118226,1.0110288626737447
3,3,50.0,49.48935180167342,0.10256257730236229,none: original cached Gauss sample,0.0047447414347536404,21.616051941445278,0.004730713866687022,21.68014811138602,1.002965211691495
3,3,100.0,98.97870360334684,0.013771116785882501,none: original cached Gauss sample,0.0006376958929713408,21.595116006966975,0.0006330794309161047,21.752589190830054,1.0072920739954476
3,3,200.0,197.9574072066937,0.0004285659097832804,none: original cached Gauss sample,1.9752501657399693e-05,21.696791485787866,1.969575902148027e-05,21.75929901030393,1.0028809570556554
