ell,m,r,local_source_real,local_source_imag,cloud_amplitude_conversion,local_abs_source_literal_zeta_units,local_interpolation,panel_bounds,interpolation_method_change,Li_abs_source,local_over_Li,Dyson_replotted_by_Li_abs_source,local_over_Dyson_replotted_by_Li,Li_over_Dyson,shape_ratio_relative_to_r10_Li,shape_ratio_relative_to_r10_Dyson_replotted_by_Li
2,2,3.5,-0.020789566504981552,0.0006432726246527927,37.03703703703704,0.7703524527249278,same panel degree N-1 complex Legendre; log r-r+ on first panel,"[3.0, 6.0]",0.00026460010743500613,0.035748415865982985,21.549275235380986,0.035674802979662315,21.593740914675674,1.0020634419862846,0.9980413741271859,0.9937479624390058
2,2,5.0,-0.01845967897513528,0.00020858810531333266,37.03703703703704,0.6837354601817265,same panel degree N-1 complex Legendre; log r-r+ on first panel,"[3.0, 6.0]",0.00011685312479078822,0.031785556474805486,21.510885320622993,0.031626500997481544,21.619067510382294,1.0050291835108982,0.9962633689340096,0.9949134970713984
2,2,8.0,-0.018128241855141867,0.000271037780485548,37.03703703703704,0.6714914038172825,same panel degree N-1 complex Legendre; log r-r+ on first panel,"[6.0, 12.0]",0.00016340737428089658,0.03067259533430289,21.8922264809563,0.030814372437158056,21.791500222394685,0.9953989943120114,1.0139249492662068,1.0028488824637316
2,2,10.0,-0.01751745442786907,0.00028914743371548737,37.03703703703704,0.6488829864762986,same panel degree N-1 complex Legendre; log r-r+ on first panel,"[6.0, 12.0]",7.38858221336758e-05,0.030052614781552654,21.591565033289736,0.02986171540262937,21.729595159799942,1.0063927800646868,1.0,1.0
2,2,15.0,-0.011633372134030602,0.00023624536699921262,37.03703703703704,0.4309544692551788,same panel degree N-1 complex Legendre; log r-r+ on first panel,"[12.0, 20.0]",0.00022843112202433922,0.01993493733072843,21.61804986418944,0.01983278404439018,21.729398570095192,1.0051507285164607,1.0012266285866203,0.9999909529053209
2,2,25.0,0.0007739052439491797,-4.4141219087660946e-05,37.03703703703704,0.028709743064399704,same panel degree N-1 complex Legendre; log r-r+ on first panel,"[20.0, 40.0]",0.0008835534807938244,0.0013268512210946274,21.63749982512335,0.0013196803611053626,21.75507335757612,1.0054337854836746,1.0021274415153691,1.0011725113877552
2,2,50.0,-0.000924377887227295,-0.0006464697526615045,37.03703703703704,0.04177800137024854,same panel degree N-1 complex Legendre; log r-r+ on first panel,"[40.0, 80.0]",0.001510285358508275,0.0019365908713598326,21.57296204794817,0.0019223828029578819,21.732404860242536,1.0073908632453896,0.9991384142227354,1.0001293029355554
2,2,100.0,-0.00022013830804809044,-0.0004408575268817927,37.03703703703704,0.01825051378266984,same panel degree N-1 complex Legendre; log r-r+ on first panel,"[80.0, 160.0]",0.0009345932425287353,0.000843873825625493,21.627064649318,0.0008404887057653814,21.714168979879652,1.0040275613900473,1.0016441427924994,0.9992900843385786
2,2,200.0,9.63969189896416e-06,-1.3140447797715134e-05,37.03703703703704,0.0006035957961178385,same panel degree N-1 complex Legendre; log r-r+ on first panel,"[160.0, 320.0]",0.008924972891703123,2.80008575002348e-05,21.556332555628952,2.76691589045956e-05,21.814750430219497,1.01198802597444,0.9983682295560112,1.0039188613406427
3,3,3.5,-2.4738328977996113e-05,-9.016140879600477e-06,37.03703703703704,0.0009751899797214887,same panel degree N-1 complex Legendre; log r-r+ on first panel,"[3.0, 6.0]",0.00023403151694476596,4.5308137656126536e-05,21.52350615518235,4.513620053268761e-05,21.605495549304305,1.0038092954526467,0.9987020310036084,0.9949341218015241
3,3,5.0,-5.317899321872622e-05,-1.3156374146915104e-05,37.03703703703704,0.00202897242010614,same panel degree N-1 complex Legendre; log r-r+ on first panel,"[3.0, 6.0]",7.995259500197726e-05,9.433561000541459e-05,21.508022474118555,9.381181566296593e-05,21.62811161651055,1.0055834581043657,0.9979835800405389,0.9959755927973225
3,3,8.0,-0.0003036548020568056,-2.2815388123367563e-05,37.03703703703704,0.0112781749457145,same panel degree N-1 complex Legendre; log r-r+ on first panel,"[6.0, 12.0]",0.0014053899610286572,0.00052353154562495,21.542493551656985,0.0005225084599210796,21.584674336981973,1.001958027060509,0.9995830562086085,0.9939753039605036
3,3,10.0,-0.0007885251715603352,-2.9244197767974818e-05,37.03703703703704,0.029224714001807553,same panel degree N-1 complex Legendre; log r-r+ on first panel,"[6.0, 12.0]",6.960101319936368e-05,0.0013560421345235759,21.551479307149403,0.0013457995024430424,21.71550364579245,1.007610815773033,1.0,1.0
3,3,15.0,-0.0045436400869433595,-4.171880964314979e-05,37.03703703703704,0.16829005962441912,same panel degree N-1 complex Legendre; log r-r+ on first panel,"[12.0, 20.0]",0.00046533879507052963,0.007722497073255834,21.79218172930526,0.007623529185516718,22.07508563673355,1.0129818992399395,1.0111687192663386,1.016558768187298
3,3,25.0,-0.01079647982372468,-4.171948423079894e-05,37.03703703703704,0.39987260848561507,same panel degree N-1 complex Legendre; log r-r+ on first panel,"[20.0, 40.0]",0.00014659461703898612,0.018562711915811752,21.541712778777914,0.0183539435713818,21.78674064951972,1.0113745770012865,0.999546827935461,1.00328046748946
3,3,50.0,-0.002700128266749361,3.222019328321029e-05,37.03703703703704,0.10001187033631313,same panel degree N-1 complex Legendre; log r-r+ on first panel,"[40.0, 80.0]",0.0004472437062577034,0.004625824291257405,21.62033489368175,0.004617522355667626,21.659206525238982,1.0017979199558371,1.003194935510042,0.9974075148579676
3,3,100.0,-0.00035880160212429005,-1.1614509420543493e-05,37.03703703703704,0.013295908717968074,same panel degree N-1 complex Legendre; log r-r+ on first panel,"[80.0, 160.0]",0.0007193745867974759,0.0006163737383870399,21.571179772781246,0.0006111841063989014,21.7543430510777,1.0084911108351882,1.0009141119897653,1.0017885565040892
3,3,200.0,-1.2110667845335917e-06,-1.0651978559203758e-05,37.03703703703704,0.0003970593726137629,same panel degree N-1 complex Legendre; log r-r+ on first panel,"[160.0, 320.0]",0.013796225559762553,1.8310620808046018e-05,21.68464831292273,1.8210357443050934e-05,21.804040577209022,1.005505842777037,1.0061791120635115,1.0040771300017133
