rp_over_M,M2_k2_schwarzschild,M2_k2_kerr,M2_k2_newtonian
38.0,0.0002770115258032696,0.00032808291703967374,0.0005371900687223263
38.009,0.0002761004307129111,0.0003271783501296033,0.0005362776616842091
38.018,0.00027518987939284534,0.00032627432066351103,0.0005353657991927913
38.027,0.00027427987138835264,0.00032537082819421304,0.0005344544807927148
38.036,0.000273370406245102,0.00032446787227506657,0.0005335437060289827
38.045,0.00027246148350935917,0.00032356545245978974,0.0005326334744472083
38.054,0.0002715531027277923,0.0003226635683027529,0.0005317237855934631
38.063,0.00027064526344762474,0.0003217622193586872,0.0005308146390143043
38.072,0.0002697379652165516,0.0003208614051827402,0.0005299060342567885
38.081,0.0002688312075827398,0.0003199611253307255,0.0005289979708684445
38.09,0.0002679249900948144,0.0003190613793587205,0.0005280904483972448
38.099,0.00026701931230192766,0.0003181621668234269,0.0005271834663917452
38.108,0.0002661141737537037,0.0003172634872819491,0.0005262770244008896
38.117,0.0002652095740002802,0.000316365340291877,0.0005253711219741775
38.126,0.00026430551259221113,0.00031546772541134194,0.0005244657586615659
38.135,0.0002634019890805639,0.0003145706421987804,0.0005235609340134562
38.144,0.0002624990030169333,0.00031367409021330894,0.0005226566475808325
38.153,0.0002615965539533027,0.0003127780690143217,0.0005217528989150261
38.162,0.00026069464144221066,0.0003118825781618234,0.0005208496875679508
38.171,0.00025979326503666744,0.000310987617216249,0.0005199470130919787
38.18,0.0002588924242901275,0.00031009318573840816,0.0005190448750399257
38.189,0.00025799211875651706,0.00030919928328972113,0.0005181432729651075
38.198,0.0002570923479903453,0.00030830590943199676,0.000517242206421395
38.207,0.0002561931115464544,0.0003074130637275435,0.0005163416749629918
38.216,0.00025529440898026945,0.0003065207457390723,0.0005154416781447124
38.225,0.00025439623984761794,0.0003056289550298352,0.0005145422155217322
38.234,0.00025349860370486865,0.0003047376911635563,0.0005136432866498092
38.243,0.0002526015001087789,0.0003038469537043065,0.0005127448910850624
38.252,0.00025170492861671667,0.0003029567422167534,0.0005118470283842352
38.261,0.0002508088887863552,0.00030206705626598107,0.0005109496981043904
38.27,0.0002499133801759784,0.0003011778954175176,0.0005100528998031872
38.279,0.00024901840234425876,0.0003002892592373352,0.0005091566330386321
38.288,0.0002481239548504238,0.0002994011472919472,0.0005082608973693836
38.297,0.00024723003725404813,0.00029851355914822797,0.000507365692354364
38.306,0.0002463366491152752,0.00029762649437363453,0.0005064710175531201
38.315,0.00024544378999474814,0.00029673995253592933,0.0005055768725256288
38.324,0.00024455145945342927,0.00029585393320345765,0.0005046832568322696
38.333,0.00024365965705290538,0.00029496843594496724,0.0005037901700339908
38.342,0.0002427683823551935,0.0002940834603297193,0.000502897611692199
38.351,0.00024187763492265757,0.0002931990059273082,0.0005020055813686197
38.36,0.0002409874143183277,0.00029231507230793874,0.0005011140786257001
38.369,0.00024009772010551156,0.00029143165904216284,0.0005002231030261095
38.378,0.00023920855184809964,0.0002905487657010597,0.0004993326541331139
38.387,0.0002383199091104682,0.00028966639185608323,0.0004984427315104789
38.396,0.00023743179145731264,0.00028878453707918694,0.0004975533347223032
38.405,0.00023654419845395291,0.0002879032009427962,0.0004966644633332407
38.414,0.00023565712966606978,0.0002870223830198082,0.0004957761169084168
38.423,0.00023477058465985745,0.0002861420828834532,0.0004948882950133876
38.432,0.00023388456300195426,0.00028526230010757214,0.0004940009972141807
38.441,0.0002329990642594426,0.0002843830342663112,0.0004931142230772539
38.45,0.00023211408799990452,0.0002835042849343855,0.0004922279721695927
38.459,0.0002312296337913522,0.00028262605168688504,0.0004913422440585846
38.468,0.00023034570120222808,0.0002817483340993854,0.0004904570383120754
38.477,0.0002294622898015436,0.0002808711317478646,0.0004895723544984659
38.486,0.00022857939915868486,0.0002799944442088559,0.0004886881921865038
38.495,0.00022769702884345433,0.0002791182710592116,0.00048780455094542263
38.504,0.00022681517842622345,0.00027824261187628374,0.00048692143034496926
38.513,0.0002259338474777245,0.00027736746623792385,0.00048603882995526537
38.522,0.00022505303556917544,0.00027649283372234434,0.0004851567493469322
38.531,0.00022417274227228,0.00027561871390822945,0.00048427518809106285
38.54,0.00022329296715914437,0.00027474510637473526,0.00048339414575915285
38.549,0.0002224137098024298,0.00027387201070146194,0.00048251362192325287
38.558,0.0002215349697751029,0.00027299942646841213,0.0004816336161557466
38.567,0.0002206567466507131,0.0002721273532560742,0.0004807541280295591
38.576,0.00021977904000315684,0.0002712557906453389,0.000479875157117976
38.585,0.00021890184940687174,0.0002703847382175689,0.00047899670299487995
38.594,0.0002180251744366979,0.000269514195554571,0.0004781187652344726
38.603,0.00021714901466793335,0.000268644162238596,0.0004772413434114414
38.612,0.00021627336967633415,0.00026777463785224165,0.0004763644371009734
38.621,0.00021539823903812816,0.00026690562197871637,0.000475488045878672
38.63,0.00021452362232991795,0.0002660371142015616,0.00047461216932054295
38.639,0.00021364951912883345,0.0002651691141047213,0.00047373680700313336
38.648,0.00021277592901239317,0.00026430162127266676,0.0004728619585033511
38.657,0.0002119028515586291,0.00026343463529028555,0.0004719876233986453
38.666,0.00021103028634598953,0.0002625681557428122,0.00047111380126683977
38.675,0.00021015823295331137,0.00026170218221606423,0.0004702404916862024
38.684,0.0002092866909599589,0.00026083671429617816,0.00046936769423548685
38.693,0.0002084156599456849,0.0002599717515698041,0.00046849540849386306
38.702,0.0002075451394907557,0.000259107293623953,0.0004676236340410006
38.711,0.00020667512917579844,0.00025824334004613536,0.000466752370456916
38.72,0.00020580562858192597,0.00025737989042425025,0.00046588161732215305
38.729,0.00020493663729069522,0.0002565169443466686,0.00046501137421765815
38.738,0.00020406815488407948,0.0002556545014021361,0.00046414164072482167
38.747,0.0002032001809445655,0.00025479256117987015,0.00046327241642553363
38.756,0.0002023327150549592,0.0002539311232695324,0.000462403700902031
38.765,0.00020146575679862166,0.00025307018726122843,0.0004615354937370503
38.774,0.00020059930575927476,0.0002522097527454248,0.0004606677945137444
38.783,0.00019973336152115384,0.00025134981931301814,0.00045980060281576585
38.792,0.00019886792366886896,0.0002504903865554603,0.0004589339182271279
38.801,0.0001980029917874604,0.0002496314540644806,0.00045806774033228803
38.81,0.00019713856546249575,0.00024877302143236357,0.00045720206871621705
38.819,0.0001962746442798896,0.00024791508825164343,0.00045633690296424667
38.828,0.0001954112278260145,0.0002470576541155206,0.00045547224266216657
38.837,0.00019454831568770092,0.0002462007186174453,0.0004546080873962244
38.846,0.0001936859074522096,0.00024534428135129793,0.00045374443675309795
38.855,0.00019282400270717592,0.00024448834191150015,0.0004528812903198398
38.864,0.00019196260104077656,0.00024363289989280668,0.00045201864768404376
38.873,0.0001911017020415351,0.00024277795489038856,0.00045115650843363664
38.882,0.00019024130529846084,0.00024192350649993033,0.00045029487215705877
38.891,0.00018938141040096557,0.0002410695543174357,0.00044943373844313905
38.9,0.00018852201693890513,0.00024021609793938026,0.0004485731068811366
38.909,0.00018766312450255174,0.0002393631369626975,0.0004477129770607685
38.918,0.00018680473268262165,0.0002385106709846263,0.0004468533485721682
38.927,0.0001859468410702475,0.00023765869960294672,0.00044599422100588537
38.936,0.00018508944925703374,0.00023680722241579966,0.00044513559395294167
38.945,0.00018423255683494566,0.00023595623902178398,0.0004442774670047195
38.954,0.00018337616339642038,0.00023510574901988712,0.00044341983975308696
38.963,0.00018252026853432524,0.00023425575200951287,0.00044256271179034246
38.972,0.00018166487184197166,0.00023340624759048134,0.0004417060827092145
38.981,0.00018080997291301804,0.00023255723536308448,0.00044084995210277866
38.99,0.00017995557134166396,0.00023170871492791956,0.0004399943195646794
38.999,0.00017910166672242822,0.0002308606858861112,0.00043913918468882485
39.008,0.00017824825865031535,0.00023001314783915872,0.0004382845470696922
39.017,0.0001773953467207462,0.00022916610038897778,0.00043743040630209173
39.026,0.00017654293052955794,0.00022831954313790037,0.00043657676198130546
39.035,0.0001756910096730041,0.00022747347568866094,0.0004357236137030318
39.044,0.00017483958374779618,0.00022662789764443803,0.0004348709610633855
39.053,0.00017398865235102035,0.00022578280860874322,0.0004340188036588838
39.062,0.000173138215080193,0.00022493820818562937,0.00043316714108647403
39.071,0.00017228827153328852,0.00022409409597944074,0.0004323159729435755
39.08,0.00017143882130865595,0.00022325047159503508,0.00043146529882795437
39.089,0.00017058986400511622,0.0002224073346376032,0.00043061511833789035
39.098,0.00016974139922189269,0.00022156468471278,0.00042976543107199616
39.107,0.00016889342655856954,0.00022072252142661675,0.0004289162366293009
39.116,0.00016804594561521669,0.00021988084438553934,0.00042806753460937486
39.125,0.00016719895599233425,0.00021903965319644558,0.0004272193246120104
39.134,0.00016635245729078318,0.0002181989474665802,0.00042637160623763826
39.143,0.0001655064491118824,0.00021735872680360424,0.00042552437908695284
39.152,0.00016466093105728385,0.00021651899081563675,0.0004246776427610649
39.161,0.00016381590272922242,0.0002156797391111437,0.0004238313968616264
39.17,0.0001629713637301966,0.00021484097129900737,0.0004229856409905669
39.179,0.00016212731366317679,0.00021400268698862357,0.0004221403747503155
39.188,0.00016128375213157742,0.00021316488578958237,0.0004212955977437177
39.197,0.00016044067873913215,0.00021232756731208446,0.00042045130957393817
39.206,0.00015959809309007422,0.00021149073116662198,0.0004196075098446689
39.215,0.00015875599478908098,0.00021065437696411726,0.0004187641981600043
39.224,0.00015791438344107955,0.00020981850431592286,0.0004179213741243304
39.233,0.00015707325865162158,0.00020898311283369664,0.00041707903734262974
39.242,0.00015623262002652238,0.00020814820212965157,0.0004162371874201626
39.251,0.00015539246717202748,0.00020731377181629207,0.0004153958239626193
39.26,0.0001545527996948265,0.00020647982150656663,0.0004145549465761206
39.269,0.0001537136172020115,0.00020564635081379845,0.0004137145548672311
39.278,0.00015287491930110475,0.00020481335935172706,0.00041287464844287636
39.287,0.0001520367055999755,0.00020398084673449446,0.0004120352269103844
39.296,0.00015119897570695096,0.00020314881257664508,0.00041119628987756895
39.305,0.00015036172923077462,0.00020231725649311194,0.000410357836952549
39.314,0.00014952496578053698,0.00020148617809923053,0.00040951986774392934
39.323,0.00014868868496580034,0.00020065557701073877,0.00040868238186066164
39.332,0.00014785288639647398,0.00019982545284376318,0.0004078453789121417
39.341,0.000147017569682939,0.00019899580521483273,0.0004070088585081677
39.35,0.00014618273443593732,0.00019816663374086496,0.00040617282025896817
39.359,0.0001453483802666411,0.00019733793803919375,0.00040533726377513235
39.368,0.00014451450678658329,0.00019650971772752768,0.00040450218866766585
39.377,0.00014368111360772706,0.00019568197242395002,0.00040366759454796286
39.386,0.00014284820034245194,0.0001948547017470298,0.00040283348102786165
39.395,0.00014201576660353987,0.00019402790531565517,0.00040199984771960295
39.403999999999996,0.00014118381200414754,0.00019320158274907517,0.00040116669423577445
39.413,0.0001403523361578618,0.0001923757336669829,0.00040033402018943565
39.422,0.0001395213386786165,0.00019155035768947393,0.00039950182519397914
39.431,0.00013869081918083115,0.00019072545443704625,0.0003986701088632555
39.44,0.00013786077727927226,0.00018990102353048932,0.00039783887081148994
39.449,0.0001370312125890949,0.00018907706459113383,0.0003970081106533241
39.458,0.0001362021247258982,0.000188253577240588,0.0003961778280037742
39.467,0.0001353735133056283,0.00018743056110087641,0.00039534802247825906
39.476,0.00013454537794466148,0.00018660801579443997,0.00039451869369259984
39.485,0.00013371771825977652,0.00018578594094409429,0.00039368984126304796
39.494,0.00013289053386814076,0.00018496433617301578,0.00039286146480620177
39.503,0.00013206382438729625,0.0001841432011047972,0.0003920335639391037
39.512,0.00013123758943520136,0.00018332253536344767,0.0003912061382791432
39.521,0.00013041182863021694,0.00018250233857328158,0.0003903791874441398
39.53,0.00012958654159106464,0.00018168261035909905,0.00038955271105228784
39.539,0.00012876172793693796,0.00018086335034601941,0.0003887267087222257
39.548,0.00012793738728730797,0.00018004455815955056,0.0003879011800728971
39.557,0.00012711351926214531,0.00017922623342558897,0.00038707612472373143
39.566,0.00012629012348179536,0.00017840837577048907,0.00038625154229453285
39.575,0.0001254671995668949,0.0001775909848208551,0.0003854274324054108
39.584,0.00012464474713858031,0.00017677406020377706,0.0003846037946769604
39.593,0.0001238227658183766,0.0001759576015467057,0.0003837806287301515
39.602,0.00012300125522816951,0.00017514160847745264,0.00038295793418637036
39.611,0.0001221802149902057,0.00017432608062421806,0.00038213571066729457
39.62,0.00012135964472713423,0.00017351101761564625,0.0003813139577950736
39.629,0.00012053954406210377,0.0001726964190806174,0.00038049267519227326
39.638,0.00011971991261847115,0.00017188228464855293,0.0003796718624817508
39.647,0.00011890075002012057,0.0001710686139491796,0.000378851519286863
39.656,0.00011808205589124154,0.00017025540661258498,0.0003780316452312721
39.665,0.00011726382985649542,0.00016944266226928684,0.0003772122399390426
39.674,0.00011644607154083497,0.00016863038055009438,0.00037639330303465557
39.683,0.00011562878056961545,0.00016781856108631643,0.0003755748341429388
39.692,0.00011481195656871945,0.00016700720350960874,0.0003747568328892198
39.701,0.00011399559916418223,0.00016619630745187686,0.00037393929889902033
39.71,0.00011317970798258026,0.00016538587254559534,0.00037312223179838955
39.719,0.00011236428265087861,0.00016457589842346076,0.00037230563121375126
39.728,0.00011154932279636154,0.0001637663847186277,0.0003714894967718485
39.737,0.00011073482804672963,0.00016295733106459764,0.00037067382809989613
39.746,0.00010992079803003041,0.0001621487370953023,0.0003698586248253727
39.755,0.0001091072323747555,0.0001613406024449232,0.0003690438865762702
39.764,0.00010829413070974347,0.0001605329267481692,0.0003682296129808721
39.773,0.00010748149266419371,0.000159725709639999,0.00036741580366789206
39.782,0.00010666931786772194,0.0001589189507558153,0.0003666024582664046
39.791,0.00010585760595031857,0.00015811264973132622,0.00036578957640585885
39.8,0.00010504635654232097,0.0001573068062027394,0.0003649771577160926
39.809,0.00010423556927451061,0.00015650141980648458,0.00036416520182733225
39.818,0.00010342524377802975,0.0001556964901794633,0.0003633537083702343
39.827,0.00010261537968432599,0.00015489201695888244,0.0003625426769757051
39.836,0.000101805976625291,0.00015408799978239296,0.00036173210727512284
39.845,0.00010099703423320505,0.000153284438287965,0.00036092199890024046
39.854,0.00010018855214069533,0.00015248133211391568,0.0003601123514831578
39.863,9.938052998076374e-05,0.00015167868089899228,0.00035930316465636325
39.872,9.85729673868424e-05,0.00015087648428228906,0.0003584944380527616
39.881,9.776586399264098e-05,0.0001500747419032611,0.0003576861713055768
39.89,9.695921943231323e-05,0.0001492734534017104,0.00035687836404839357
39.899,9.615303334040148e-05,0.00014847261841784143,0.00035607101591528245
39.908,9.534730535180891e-05,0.0001476722365922195,0.0003552641265405915
39.917,9.454203510171622e-05,0.000146872307565743,0.00035445769555901563
39.926,9.373722222585923e-05,0.0001460728309797127,0.0003536517226057495
39.935,9.29328663602097e-05,0.000145273806475818,0.00035284620731626526
39.944,9.21289671411557e-05,0.000144475233696012,0.00035204114932645136
39.953,9.132552420543227e-05,0.00014367711228276125,0.00035123654827247386
39.962,9.052253719020464e-05,0.00014287944187874047,0.00035043240379104
39.971,8.972000573294336e-05,0.00014208222212708232,0.00034962871551906527
39.98,8.891792947153532e-05,0.00014128545267128034,0.0003488254830939369
39.989,8.811630804421433e-05,0.00014048913315514722,0.00034802270615338915
39.998,8.731514108957505e-05,0.00013969326322292586,0.0003472203843355032
40.007,8.651442824664235e-05,0.00013889784251912285,0.0003464185172787626
40.016,8.571416915470476e-05,0.00013810287068871663,0.00034561710462198414
40.025,8.491436345352266e-05,0.0001373083473769493,0.0003448161460044008
40.034,8.411501078316175e-05,0.00013651427222950707,0.0003440156410655648
40.043,8.331611078410406e-05,0.00013572064489233981,0.0003432155894454447
40.052,8.25176630971508e-05,0.00013492746501185537,0.00034241599078434215
40.061,8.171966736345015e-05,0.00013413473223478078,0.00034161684472290565
40.07,8.092212322463599e-05,0.0001333424462081484,0.0003408181509022279
40.079,8.012503032257812e-05,0.0001325506065794485,0.00034001990896369294
40.088,7.932838829956268e-05,0.000131759212996449,0.00033922211854908735
40.097,7.853219679822276e-05,0.00013096826510733406,0.00033842477930051684
40.106,7.773645546160779e-05,0.0001301777625605932,0.000337627890860559
40.115,7.694116393308637e-05,0.00012938770500509067,0.0003368314528720412
40.124,7.614632185637404e-05,0.00012859809209007922,0.0003360354649781794
40.133,7.535192887558884e-05,0.00012780892346511696,0.00033523992682260584
40.142,7.455798463522345e-05,0.00012702019878015058,0.00033444483804928593
40.150999999999996,7.376448878007591e-05,0.00012623191768545983,0.00033365019830254583
40.16,7.297144095534669e-05,0.00012544407983168526,0.0003328560072270448
40.169,7.217884080656933e-05,0.00012465668486984216,0.0003320622644678445
40.178,7.138668797969372e-05,0.0001238697324513066,0.00033126896967038133
40.187,7.059498212097504e-05,0.00012308322222769064,0.00033047612248039704
40.196,6.98037228770293e-05,0.00012229715385114748,0.0003296837225440358
40.205,6.901290989486109e-05,0.00012151152697405243,0.00032889176950777477
40.214,6.822254282180806e-05,0.00012072634124915549,0.0003281002630184521
40.223,6.743262130559646e-05,0.00011994159632958135,0.0003273092027233221
40.232,6.664314499432722e-05,0.00011915729186876001,0.0003265185882699445
40.241,6.585411353633719e-05,0.00011837342752059332,0.0003257284193062121
40.25,6.506552658050446e-05,0.00011759000293912192,0.00032493869548044785
40.259,6.427738377587366e-05,0.00011680701777895541,0.0003241494164412523
40.268,6.348968477203065e-05,0.00011602447169491159,0.00032336058183765615
40.277,6.27024292187417e-05,0.00011524236434219681,0.0003225721913189816
40.286,6.191561676630042e-05,0.00011446069537640602,0.000321784244534995
40.295,6.112924706519474e-05,0.0001136794644534117,0.0003209967411356984
40.304,6.034331976641216e-05,0.00011289867122946107,0.00032020968077159373
40.313,5.955783452114838e-05,0.000112118315361176,0.0003194230630933631
40.322,5.877279098107091e-05,0.00011133839650548372,0.0003186368877522022
40.331,5.798818879812484e-05,0.00011055891431971387,0.00031785115439957046
40.34,5.720402762469934e-05,0.00010977986846145982,0.0003170658626872741
40.349,5.642030711340562e-05,0.00010900125858870346,0.0003162810122675497
40.358,5.563702691732675e-05,0.00010822308435984307,0.000315496602792939
40.367,5.485418668985109e-05,0.0001074453454334573,0.00031471263391633086
40.376,5.407178608470009e-05,0.00010666804146863829,0.00031392910529097484
40.385,5.328982475594213e-05,0.00010589117212468635,0.0003131460165704397
40.394,5.250830235802029e-05,0.00010511473706135976,0.000312363367408669
40.403,5.1727218545738474e-05,0.00010433873593865273,0.0003115811574599947
40.412,5.094657297423366e-05,0.00010356316841698965,0.00031079938637905424
40.421,5.0166365299003646e-05,0.00010278803415704474,0.0003100180538208597
40.43,4.9386595175837655e-05,0.00010201333281996405,0.0003092371594407006
40.439,4.860726226095513e-05,0.00010123906406714345,0.0003084567028943247
40.448,4.78283662108947e-05,0.00010046522756027021,0.0003076766838377848
40.457,4.704990668247255e-05,9.969182296153123e-05,0.0003068971019274114
40.466,4.6271883332976715e-05,9.891884993327993e-05,0.000306117956819979
40.475,4.5494295819972774e-05,9.814630813829994e-05,0.0003053392481725953
40.484,4.471714380133163e-05,9.73741972397496e-05,0.0003045609756426454
40.493,4.394042693535438e-05,9.660251690103705e-05,0.00030378313888793085
40.502,4.3164144880619704e-05,9.583126678595899e-05,0.00030300573756655846
40.511,4.238829729608096e-05,9.50604465586452e-05,0.0003022287713369959
40.52,4.161288384103845e-05,9.429005588355854e-05,0.0003014522398580577
40.528999999999996,4.083790417515332e-05,9.352009442546716e-05,0.0003006761427889193
40.538,4.0063357958405876e-05,9.275056184952779e-05,0.0002999004797890614
40.547,3.9289244851067884e-05,9.198145782123024e-05,0.0002991252505183256
40.556,3.851556451386906e-05,9.121278200631411e-05,0.00029835045463691423
40.565,3.774231660777505e-05,9.04445340710186e-05,0.00029757609180533495
40.574,3.696950079418171e-05,8.96767136817217e-05,0.00029680216168448403
40.583,3.619711673474857e-05,8.890932050532874e-05,0.00029602866393556304
40.592,3.5425164091495986e-05,8.814235420889771e-05,0.00029525559822009273
40.601,3.465364252679126e-05,8.737581445994458e-05,0.00029448296419998243
40.61,3.388255170340415e-05,8.660970092627673e-05,0.0002937107615375162
40.619,3.311189128435421e-05,8.584401327607627e-05,0.00029293898989521394
40.628,3.234166093302182e-05,8.50787511777612e-05,0.000292167648936012
40.637,3.157186031314818e-05,8.431391430013813e-05,0.00029139673832313806
40.646,3.080248908879368e-05,8.354950231237446e-05,0.00029062625772020845
40.655,3.0033546924393417e-05,8.278551488391517e-05,0.0002898562067911864
40.664,2.9265033484673908e-05,8.202195168460769e-05,0.00028908658520028496
40.673,2.8496948434694747e-05,8.125881238452148e-05,0.0002883173926121335
40.682,2.7729291439890225e-05,8.049609665419788e-05,0.0002875486286916529
40.691,2.6962062166013823e-05,7.973380416431697e-05,0.00028678029310413855
40.7,2.6195260279179844e-05,7.897193458610008e-05,0.000286012385515233
40.709,2.5428885445794025e-05,7.821048759093507e-05,0.0002852449055908701
40.718,2.466293733259517e-05,7.74494628505984e-05,0.000284477852997303
40.727,2.389741560669678e-05,7.668886003724118e-05,0.00028371122740120103
40.736,2.3132319935531553e-05,7.592867882326437e-05,0.0002829450284694973
40.745,2.2367649986879123e-05,7.516891888137422e-05,0.00028217925586951353
40.754,2.1603405428796685e-05,7.440957988476271e-05,0.00028141390926882115
40.763,2.0839585929743887e-05,7.36506615067467e-05,0.00028064898833542185
40.772,2.0076191158457934e-05,7.289216342112881e-05,0.00027988449273759486
40.781,1.93132207840091e-05,7.21340853019059e-05,0.00027912042214392474
40.79,1.8550674475883988e-05,7.137642682353285e-05,0.00027835677622342625
40.799,1.7788551903819005e-05,7.061918766068653e-05,0.0002775935546453778
40.808,1.7026852737897502e-05,6.986236748839081e-05,0.000276830757079391
40.817,1.6265576648494262e-05,6.910596598204422e-05,0.00027606838319535476
40.826,1.5504723306442036e-05,6.83499828172951e-05,0.0002753064326636717
40.835,1.4744292382753987e-05,6.759441767015262e-05,0.0002745449051548554
40.844,1.398428354885961e-05,6.683927021698677e-05,0.00027378380033989125
40.853,1.3224696476465958e-05,6.60845401343757e-05,0.00027302311789001443
40.862,1.2465530837668659e-05,6.533022709935554e-05,0.00027226285747684875
40.871,1.1706786304827022e-05,6.457633078922609e-05,0.00027150301877229555
40.88,1.0948462550716687e-05,6.382285088153694e-05,0.0002707436014486586
40.889,1.0190559248349218e-05,6.306978705429567e-05,0.00026998460517849154
40.897999999999996,9.43307607111088e-06,6.231713898570412e-05,0.0002692260296346949
40.907,8.676012692651613e-06,6.156490635439438e-05,0.0002684678744905161
40.916,7.919368787051573e-06,6.0813088839192786e-05,0.00026771013941950805
40.925,7.163144028668467e-06,6.0061686119369795e-05,0.0002669528240955982
40.934,6.407338092151438e-06,5.931069787444565e-05,0.0002661959281929638
40.943,5.6519506524965735e-06,5.8560123784273665e-05,0.0002654394513861569
40.952,4.8969813850607835e-06,5.7809963529012465e-05,0.00026468339335003477
40.961,4.1424299654785335e-06,5.7060216789181495e-05,0.00026392775375982946
40.97,3.388296069703478e-06,5.6310883245536125e-05,0.00026317253229098114
40.979,2.63457937407785e-06,5.556196257924806e-05,0.00026241772861938795
40.988,1.8812795551798045e-06,5.481345447171104e-05,0.00026166334242118394
40.997,1.1283962899621969e-06,5.4065358604749036e-05,0.000260909373372864
41.006,3.759292556970717e-07,5.3317674660338654e-05,0.00026015582115122837
41.015,-3.761218700104596e-07,5.257040232095611e-05,0.00025940268543343803
41.024,-1.1277574093054854e-06,5.182354126923028e-05,0.0002586499658968622
41.033,-1.8789776839028827e-06,5.107709118820636e-05,0.0002578976622193696
41.042,-2.629783015267728e-06,5.033105176120711e-05,0.00025714577407899564
41.051,-3.380173724573665e-06,4.9585422671916124e-05,0.00025639430115416417
41.06,-4.130150132550248e-06,4.884020360421126e-05,0.0002556432431236322
41.069,-4.879712559774374e-06,4.8095394242442246e-05,0.00025489259966640643
41.078,-5.628861326364976e-06,4.73509942711392e-05,0.00025414237046191
41.087,-6.377596752177306e-06,4.6607003375220835e-05,0.00025339255518981585
41.096,-7.125919156789062e-06,4.5863421239883406e-05,0.000252643153530116
41.105,-7.873828859361609e-06,4.512024755062849e-05,0.0002518941651631773
41.114,-8.621326178848143e-06,4.437748199333236e-05,0.00025114558976960244
41.123,-9.368411433813284e-06,4.3635124254107205e-05,0.0002503974270303688
41.132,-1.0115084942502461e-05,4.289317401938442e-05,0.00024964967662678694
41.141,-1.086134702288355e-05,4.215163097594232e-05,0.00024890233824044483
41.15,-1.1607197992591356e-05,4.1410494810836807e-05,0.00024815541155323584
41.159,-1.2352638168941499e-05,4.0669765211484576e-05,0.00024740889624740026
41.168,-1.3097667868958163e-05,3.9929441865524384e-05,0.0002466627920054698
41.177,-1.3842287409318588e-05,3.918952446098356e-05,0.0002459170985103232
41.186,-1.4586497106353069e-05,3.845001268615311e-05,0.0002451718154451721
41.195,-1.5330297276183735e-05,3.771090622968487e-05,0.0002444269424934503
41.204,-1.6073688234571892e-05,3.697220478043883e-05,0.00024368247933895248
41.213,-1.6816670296862513e-05,3.62339080276497e-05,0.00024293842566586177
41.222,-1.7559243778275668e-05,3.5496015660899105e-05,0.00024219478115854176
41.231,-1.830140899354571e-05,3.475852736996299e-05,0.00024145154550178627
41.24,-1.9043166257212696e-05,3.402144284504749e-05,0.00024070871838062502
41.249,-1.9784515883469744e-05,3.3284761776580796e-05,0.0002399662994804208
41.258,-2.052545818613527e-05,3.2548483855296406e-05,0.00023922428848691113
41.267,-2.12659934788334e-05,3.1812608772274764e-05,0.00023848268508598613
41.275999999999996,-2.2006122074771928e-05,3.1077136218887746e-05,0.00023774148896406333
41.285,-2.27458442869366e-05,3.0342065886770908e-05,0.00023700069980765737
41.294,-2.3485160427910712e-05,2.9607397467948382e-05,0.00023626031730375474
41.303,-2.4224070810069387e-05,2.8873130654652468e-05,0.000235520341139564
41.312,-2.4962575745385296e-05,2.8139265139476288e-05,0.0002347807710026406
41.321,-2.570067554558131e-05,2.7405800615318276e-05,0.00023404160658081763
41.33,-2.6438370522047228e-05,2.6672736775354422e-05,0.00023330284756227504
41.339,-2.7175660985881422e-05,2.5940073313052148e-05,0.00023256449363547038
41.348,-2.791254724787695e-05,2.52078099222397e-05,0.0002318265444891665
41.357,-2.8649029618479926e-05,2.4475946296953488e-05,0.00023108899981247322
41.366,-2.938510840784503e-05,2.3744482131604627e-05,0.00023035185929480562
41.375,-3.0120783925904893e-05,2.301341712090954e-05,0.00022961512262578698
41.384,-3.0856056482134187e-05,2.2282750959806696e-05,0.00022887878949551244
41.393,-3.159092638582717e-05,2.1552483343650897e-05,0.00022814285959422975
41.402,-3.232539394593115e-05,2.0822613967963477e-05,0.0002274073326125614
41.411,-3.305945947107425e-05,2.009314252872374e-05,0.00022667220824144907
41.42,-3.379312326959316e-05,1.9364068722008132e-05,0.00022593748617211196
41.429,-3.452638564949151e-05,1.8635392244351068e-05,0.00022520316609610236
41.438,-3.525924691852311e-05,1.790711279253676e-05,0.00022446924770523624
41.447,-3.599170738410873e-05,1.7179230063668616e-05,0.00022373573069166264
41.456,-3.672376735337768e-05,1.6451743755085957e-05,0.00022300261474780814
41.465,-3.745542713312622e-05,1.572465356450281e-05,0.0002222698995664324
41.474,-3.818668702988692e-05,1.4997959189827492e-05,0.0002215375848405865
41.483,-3.891754734987318e-05,1.427166032938465e-05,0.00022080567026361297
41.492,-3.964800839895144e-05,1.3545756681720977e-05,0.00022007415552921517
41.501,-4.037807048279385e-05,1.2820247945702357e-05,0.00021934304033127683
41.51,-4.110773390667011e-05,1.2095133820458348e-05,0.00021861232436411193
41.519,-4.1836998975600115e-05,1.1370414005465457e-05,0.0002178820073222426
41.528,-4.256586599428458e-05,1.064608820043611e-05,0.00021715208890055182
41.537,-4.3294335267146655e-05,9.922156105415803e-06,0.0002164225687941862
41.546,-4.402240709827643e-05,9.198617420741462e-06,0.00021569344669862545
41.555,-4.4750081791514185e-05,8.475471847069205e-06,0.00021496472230959907
41.564,-4.547735965031163e-05,7.752719085263315e-06,0.00021423639532319738
41.573,-4.620424097795395e-05,7.030358836535022e-06,0.00021350846543574664
41.582,-4.693072607730997e-05,6.308390802414743e-06,0.00021278093234392004
41.591,-4.765681525101262e-05,5.586814684682695e-06,0.00021205379574465444
41.6,-4.838250880137562e-05,4.86563018541053e-06,0.00021132705533521978
41.609,-4.9107807030393524e-05,4.144837007002966e-06,0.00021060071081319132
41.618,-4.983271023983882e-05,3.424434852100644e-06,0.00020987476187635246
41.627,-5.0557218731137055e-05,2.704423423691149e-06,0.00020914920822286132
41.636,-5.128133280538072e-05,1.9848024249702334e-06,0.00020842404955120908
41.644999999999996,-5.200505276345413e-05,1.2655715595222272e-06,0.00020769928556006734
41.653999999999996,-5.27283789058669e-05,5.467305311535053e-07,0.00020697491594851014
41.663,-5.3451311532864976e-05,-1.717209560103683e-07,0.00020625094041584746
41.672,-5.4173850944416735e-05,-8.897831975523962e-07,0.00020552735866170846
41.681,-5.4895997440171374e-05,-1.6074564888335363e-06,0.00020480417038598597
41.69,-5.5617751319542164e-05,-2.3247411248261685e-06,0.00020408137528889203
41.699,-5.6339112881512166e-05,-3.0416374002528723e-06,0.00020335897307097173
41.708,-5.706008242493954e-05,-3.758145609558672e-06,0.00020263696343296445
41.717,-5.7780660248266114e-05,-4.474266046980424e-06,0.00020191534607601203
41.726,-5.850084664968391e-05,-5.189999006283141e-06,0.00020119412070147835
41.735,-5.9220641927135165e-05,-5.905344781093058e-06,0.00020047328701100486
41.744,-5.994004637820127e-05,-6.620303664689464e-06,0.0001997528447066077
41.753,-6.065906030017221e-05,-7.334875950143482e-06,0.00019903279349053893
41.762,-6.137768399012977e-05,-8.049061930137658e-06,0.00019831313306532816
41.771,-6.209591774478107e-05,-8.762861897090857e-06,0.00019759386313381033
41.78,-6.281376186055565e-05,-9.476276143199902e-06,0.0001968749833991812
41.789,-6.353121663367489e-05,-1.0189304960314671e-05,0.0001961564935647614
41.798,-6.424828235994384e-05,-1.0901948640021364e-05,0.00019543839333434343
41.807,-6.496495933495938e-05,-1.1614207473642502e-05,0.00019472068241190021
41.816,-6.568124785398533e-05,-1.2326081752181417e-05,0.0001940033605017516
41.825,-6.639714821210507e-05,-1.3037571766419398e-05,0.00019328642730841172
41.834,-6.711266070393018e-05,-1.3748677806763032e-05,0.00019256988253683882
41.842999999999996,-6.782778562394731e-05,-1.4459400163396863e-05,0.00019185372589211602
41.852,-6.854252326624066e-05,-1.5169739126213999e-05,0.0001911379570797428
41.861,-6.92568739247279e-05,-1.5879694984829995e-05,0.00019042257580541289
41.87,-6.997083789292424e-05,-1.6589268028596726e-05,0.000189707581775167
41.879,-7.068441546413673e-05,-1.7298458546505247e-05,0.00018899297469528176
41.888,-7.139760693129771e-05,-1.8007266827366197e-05,0.00018827875427240848
41.897,-7.211041258718687e-05,-1.8715693159643276e-05,0.0001875649202133789
41.906,-7.282283272418144e-05,-1.9423737831578136e-05,0.00018685147222537168
41.915,-7.353486763439498e-05,-2.013140113103773e-05,0.00018613841001585696
41.924,-7.424651760971901e-05,-2.083868334575023e-05,0.00018542573329254075
41.933,-7.495778294171196e-05,-2.1545584763013603e-05,0.00018471344176346216
41.942,-7.566866392161309e-05,-2.22521056699454e-05,0.00018400153513695172
41.951,-7.637916084046736e-05,-2.295824635335786e-05,0.00018329001312154813
41.96,-7.708927398895893e-05,-2.3664007099785667e-05,0.00018257887542615092
41.969,-7.779900365754988e-05,-2.4369388195458197e-05,0.00018186812175992328
41.978,-7.850835013635538e-05,-2.5074389926396656e-05,0.0001811577518322921
41.987,-7.921731371524077e-05,-2.5779012578275307e-05,0.00018044776535298956
41.996,-7.992589468377997e-05,-2.6483256436560243e-05,0.00017973816203205317
42.005,-8.063409333129712e-05,-2.718712178634286e-05,0.00017902894157971472
42.013999999999996,-8.134190994683876e-05,-2.7890608912506387e-05,0.00017832010370655293
42.022999999999996,-8.204934481907677e-05,-2.8593718099670373e-05,0.00017761164812346575
42.032,-8.275639823653036e-05,-2.9296449632162935e-05,0.00017690357454151762
42.041,-8.346307048730239e-05,-2.9998803793993e-05,0.00017619588267221709
42.05,-8.416936185937085e-05,-3.0700780868989086e-05,0.00017548857222715597
42.059,-8.487527264031125e-05,-3.140238114059113e-05,0.0001747816429183563
42.068,-8.558080311747707e-05,-3.21036048920309e-05,0.000174075094458076
42.077,-8.628595357791646e-05,-3.280445240630425e-05,0.00017336892655882286
42.086,-8.699072430838617e-05,-3.350492396604621e-05,0.0001726631389334654
42.095,-8.769511559543475e-05,-3.420501985365587e-05,0.00017195773129503877
42.104,-8.839912772523606e-05,-3.4904740351296426e-05,0.00017125270335695275
42.113,-8.910276098379744e-05,-3.560408574078411e-05,0.00017054805483281144
42.122,-8.98060156567515e-05,-3.6303056303740866e-05,0.00016984378543656586
42.131,-9.050889202948109e-05,-3.700165232146946e-05,0.00016913989488241687
42.14,-9.121139038709147e-05,-3.769987407499509e-05,0.00016843638288485674
42.149,-9.1913511014452e-05,-3.839772184513479e-05,0.00016773324915862753
42.158,-9.261525419611283e-05,-3.9095195912330905e-05,0.00016703049341877663
42.167,-9.331662021636045e-05,-3.9792296556831475e-05,0.00016632811538058734
42.176,-9.401760935920378e-05,-4.0489024058648626e-05,0.00016562611475967604
42.185,-9.471822190838808e-05,-4.1185378697405906e-05,0.00016492449127188114
42.194,-9.541845814736716e-05,-4.188136075251869e-05,0.0001642232446333325
42.203,-9.61183183593034e-05,-4.25769705031942e-05,0.000163522374560493
42.212,-9.681780282713714e-05,-4.32722082282927e-05,0.00016282188077000603
42.221000000000004,-9.75169118335173e-05,-4.3967074206396894e-05,0.0001621217629788202
42.23,-9.821564566075969e-05,-4.4661568715909095e-05,0.0001614220209042172
42.239,-9.891400459101363e-05,-4.535569203482914e-05,0.00016072265426365917
42.248,-9.961198890605372e-05,-4.6049444441031984e-05,0.00016002366277495517
42.257,-0.0001003095988874464,-4.674282621201786e-05,0.00015932504615615017
42.266,-0.00010100683481648054,-4.7435837625106614e-05,0.00015862680412555286
42.275,-0.00010170369697409809,-4.8128478957271126e-05,0.00015792893640180494
42.284,-0.00010240018564111608,-4.882075048526224e-05,0.00015723144270372857
42.293,-0.00010309630109792134,-4.9512652485553255e-05,0.00015653432275050672
42.302,-0.00010379204362473415,-5.0204185234381526e-05,0.0001558375762615305
42.311,-0.00010448741350145563,-5.08953490076236e-05,0.00015514120295649636
42.32,-0.00010518241100776482,-5.158614408103113e-05,0.00015444520255533667
42.329,-0.00010587703642300772,-5.227657072999492e-05,0.00015374957477830298
42.338,-0.00010657129002628052,-5.296662922962825e-05,0.00015305431934591052
42.347,-0.00010726517209647124,-5.365631985487784e-05,0.00015235943597885493
42.356,-0.00010795868291210708,-5.4345642880329614e-05,0.0001516649243982343
42.365,-0.00010865182275152097,-5.503459858034743e-05,0.0001509707843253133
42.374,-0.00010934459189269885,-5.572318722901759e-05,0.00015027701548170347
42.383,-0.0001100369906134463,-5.641140910019049e-05,0.00014958361758921068
42.391999999999996,-0.00011072901919124967,-5.7099264467411204e-05,0.00014889059036996
42.400999999999996,-0.00011142067790334553,-5.7786753603975005e-05,0.00014819793354632627
42.41,-0.00011211196702665127,-5.8473876783010637e-05,0.0001475056468409619
42.419,-0.00011280288683791773,-5.916063427718887e-05,0.00014681372997676911
42.428,-0.00011349343761352104,-5.984702635912498e-05,0.00014612218267695543
42.437,-0.00011418361962967083,-6.053305330101788e-05,0.00014543100466492265
42.446,-0.00011487343316225751,-6.121871537487222e-05,0.0001447401956643779
42.455,-0.0001155628784868662,-6.190401285245672e-05,0.00014404975539936138
42.464,-0.00011625195587891546,-6.258894600522091e-05,0.00014335968359405205
42.473,-0.00011694066561347694,-6.327351510442003e-05,0.00014266997997300357
42.482,-0.00011762900796541409,-6.395772042097625e-05,0.00014198064426093615
42.491,-0.0001183169832092712,-6.464156222561745e-05,0.0001412916761829447
42.5,-0.00011900459161934274,-6.532504078873846e-05,0.00014060307546431838
42.509,-0.00011969183346971501,-6.600815638059532e-05,0.00013991484183059621
42.518,-0.0001203787090341274,-6.669090927105548e-05,0.00013922697500763637
42.527,-0.00012106521858615271,-6.737329972976436e-05,0.0001385394747214913
42.536,-0.00012175136239896134,-6.805532802618697e-05,0.0001378523406985882
42.545,-0.00012243714074564038,-6.873699442944137e-05,0.00013716557266547913
42.554,-0.00012312255389886062,-6.941829920843745e-05,0.00013647917034909085
42.563,-0.00012380760213107078,-7.009924263179368e-05,0.00013579313347657218
42.572,-0.00012449228571455306,-7.077982496792035e-05,0.00013510746177526622
42.581,-0.00012517660492115945,-7.14600464848808e-05,0.00013442215497293242
42.59,-0.00012586056002268642,-7.21399074506135e-05,0.00013373721279739959
42.599,-0.0001265441512904586,-7.281940813268217e-05,0.00013305263497694064
42.608,-0.0001272273789956757,-7.34985487984563e-05,0.00013236842123998116
42.617,-0.00012791024340925994,-7.417732971500002e-05,0.00013168457131521039
42.626,-0.00012859274480182814,-7.48557511492387e-05,0.00013100108493162288
42.635,-0.00012927488344377513,-7.553381336769527e-05,0.00013031796181844912
42.644,-0.00012995665960524594,-7.621151663673997e-05,0.00012963520170515552
42.653,-0.00013063807355606638,-7.688886122245164e-05,0.00012895280432154155
42.662,-0.00013131912556588188,-7.756584739067318e-05,0.00012827076939754545
42.671,-0.00013199981590401866,-7.824247540694218e-05,0.00012758909666350793
42.68,-0.00013268014483959478,-7.891874553658806e-05,0.00012690778584988072
42.689,-0.00013336011264139525,-7.959465804471821e-05,0.00012622683668753187
42.698,-0.00013403971957806626,-8.027021319610694e-05,0.00012554624890741273
42.707,-0.00013471896591786547,-8.094541125538979e-05,0.00012486602224087706
42.716,-0.00013539785192889786,-8.162025248678595e-05,0.00012418615641948683
42.725,-0.00013607637787893534,-8.229473715440361e-05,0.00012350665117502602
42.734,-0.0001367545440355833,-8.296886552205951e-05,0.00012282750623955618
42.743,-0.00013743235066604464,-8.364263785334836e-05,0.00012214872134545807
42.752,-0.0001381097980374668,-8.431605441149015e-05,0.0001214702962252373
42.760999999999996,-0.00013878688641660863,-8.498911545962162e-05,0.00012079223061176037
42.769999999999996,-0.00013946361606992363,-8.566182126050481e-05,0.0001201145242381435
42.778999999999996,-0.0001401399872637682,-8.633417207673522e-05,0.00011943717683769728
42.788,-0.000140816000264124,-8.70061681706169e-05,0.00011876018814405143
42.797,-0.00014149165533676455,-8.767780980417639e-05,0.00011808355789104386
42.806,-0.00014216695274724134,-8.834909723924589e-05,0.00011740728581277615
42.815,-0.00014284189276075887,-8.902003073740783e-05,0.00011673137164362746
42.824,-0.00014351647564236902,-8.96906105599532e-05,0.00011605581511818508
42.833,-0.0001441907016567906,-9.036083696793706e-05,0.0001153806159713694
42.842,-0.00014486457106853423,-9.103071022219245e-05,0.00011470577393826731
42.851,-0.00014553808414187464,-9.170023058330257e-05,0.00011403128875424329
42.86,-0.0001462112411407812,-9.236939831161473e-05,0.00011335716015495323
42.869,-0.00014688404232900132,-9.30382136671154e-05,0.00011268338787627508
42.878,-0.0001475564879700464,-9.37066769097078e-05,0.00011200997165430882
42.887,-0.00014822857832712255,-9.437478829897594e-05,0.0001113369112254875
42.896,-0.00014890031366328327,-9.504254809421242e-05,0.00011066420632641072
42.905,-0.0001495716942412212,-9.570995655454329e-05,0.00010999185669394174
42.914,-0.0001502427203234763,-9.637701393883091e-05,0.00010931986206523525
42.923,-0.00015091339217222777,-9.704372050564625e-05,0.00010864822217769576
42.932,-0.0001515837100495021,-9.771007651335206e-05,0.00010797693676894982
42.941,-0.00015225367421704827,-9.837608222006133e-05,0.00010730600557685988
42.95,-0.00015292328493636542,-9.904173788362336e-05,0.00010663542833956596
42.959,-0.00015359254246868903,-9.970704376167927e-05,0.0001059652047954579
42.968,-0.00015426144707500478,-0.0001003720001116204,0.00010529533468318919
42.977,-0.00015492999901606241,-0.00010103660719057439,0.0001046258177416215
42.986,-0.00015559819855238965,-0.00010170086525540523,0.00010395665370986629
42.995,-0.0001562660459442089,-0.00010236477456279647,0.00010328784232732646
43.004,-0.000156933541451576,-0.00010302833536915412,0.00010261938333357146
43.013,-0.00015760068533418603,-0.00010369154793064828,0.00010195127646855928
43.022,-0.0001582674778516091,-0.0001043544125031437,0.00010128352147231734
43.031,-0.00015893391926306843,-0.00010501692934239415,0.00010061611808530324
43.04,-0.00015960000982757905,-0.00010567909870379255,9.994906604807174e-05
43.049,-0.00016026574980397557,-0.00010634092084253755,9.928236510146904e-05
43.058,-0.00016093113945074566,-0.0001070023960136196,9.861601498661887e-05
43.067,-0.00016159617902616885,-0.00010766352447176553,9.795001544488091e-05
43.076,-0.00016226086878828871,-0.00010832430647136904,9.728436621782299e-05
43.085,-0.00016292520899491292,-0.0001089847422667406,9.661906704731826e-05
43.094,-0.00016358919990357157,-0.00010964483211182985,9.595411767542028e-05
43.103,-0.0001642528417716005,-0.00011030457626043377,9.528951784446016e-05
43.112,-0.00016491613485600243,-0.00011096397496605792,9.462526729704657e-05
43.121,-0.00016557907941366912,-0.00011162302848194416,9.396136577594083e-05
43.13,-0.00016624167570113146,-0.00011228173706116784,9.329781302425122e-05
43.138999999999996,-0.00016690392397469833,-0.00011294010095652673,9.263460878528029e-05
43.147999999999996,-0.0001675658244905398,-0.00011359812042054107,9.19717528025249e-05
43.157,-0.0001682273775044374,-0.0001142557957055923,9.130924481980107e-05
43.166,-0.0001688885832719922,-0.00011491312706377044,9.064708458117465e-05
43.175,-0.00016954944204862488,-0.00011557011474686019,8.998527183085026e-05
43.184,-0.0001702099540894092,-0.0001162267590064936,8.93238063134072e-05
43.193,-0.0001708701196492246,-0.00011688306009409455,8.866268777357744e-05
43.202,-0.00017152993898268687,-0.00011753901826075386,8.80019159563844e-05
43.211,-0.00017218941234427299,-0.00011819463375736805,8.734149060703189e-05
43.22,-0.00017284853998808525,-0.00011884990683463936,8.668141147100128e-05
43.229,-0.00017350732216805942,-0.00011950483774296472,8.602167829402374e-05
43.238,-0.00017416575913783983,-0.00012015942673256064,8.536229082209412e-05
43.247,-0.00017482385115089039,-0.00012081367405336607,8.470324880137381e-05
43.256,-0.0001754815984604391,-0.00012146757995512569,8.404455197828786e-05
43.265,-0.00017613900131939475,-0.00012212114468734825,8.338620009956665e-05
43.274,-0.00017679605998047188,-0.0001227743684992233,8.272819291213485e-05
43.283,-0.00017745277469620457,-0.0001234272516398155,8.207053016309751e-05
43.292,-0.00017810914571880776,-0.00012407979435791194,8.141321159989279e-05
43.301,-0.00017876517330028818,-0.00012473199690206382,8.075623697012535e-05
43.31,-0.00017942085769241667,-0.00012538385952060027,8.009960602170518e-05
43.319,-0.00018007619914671424,-0.00012603538246157286,7.944331850272268e-05
43.328,-0.00018073119791449377,-0.00012668656597285277,7.878737416153192e-05
43.337,-0.00018138585424677667,-0.00012733741030206136,7.81317727467229e-05
43.346,-0.00018204016839441783,-0.0001279879156966257,7.747651400710764e-05
43.355,-0.00018269414060802236,-0.00012863808240362595,7.682159769173413e-05
43.364,-0.00018334777113786227,-0.00012928791067007284,7.616702354994176e-05
43.373,-0.00018400106023409857,-0.00012993740074258853,7.551279133123645e-05
43.382,-0.00018465400814662858,-0.0001305865528676703,7.485890078537394e-05
43.391,-0.00018530661512503044,-0.00013123536729157947,7.420535166238751e-05
43.4,-0.00018595888141878514,-0.00013188384426024435,7.355214371247698e-05
43.409,-0.00018661080727699897,-0.00013253198401948219,7.289927668616136e-05
43.418,-0.00018726239294863944,-0.0001331797868148188,7.22467503341262e-05
43.427,-0.00018791363868239652,-0.0001338272528915857,7.159456440733458e-05
43.436,-0.00018856454472672424,-0.0001344743824948369,7.094271865695778e-05
43.445,-0.0001892151113298962,-0.00013512117586943206,7.029121283437523e-05
43.454,-0.00018986533873990852,-0.00013576763326000885,6.964004669125778e-05
43.463,-0.00019051522720450742,-0.0001364137549109551,6.898921997948448e-05
43.472,-0.00019116477697123102,-0.00013705954106645046,6.833873245117028e-05
43.481,-0.00019181398828742313,-0.00013770499197038322,6.76885838586383e-05
43.49,-0.0001924628614000945,-0.00013835010786646118,6.703877395451696e-05
43.499,-0.0001931113965561171,-0.00013899488899822565,6.638930249155961e-05
43.508,-0.00019375959400211307,-0.00013963933560891262,6.574016922281101e-05
43.516999999999996,-0.0001944074539843993,-0.00014028344794150827,6.509137390160735e-05
43.525999999999996,-0.00019505497674916772,-0.00014092722623883225,6.444291628140975e-05
43.535,-0.00019570216254234662,-0.00014157067074349605,6.379479611592909e-05
43.544,-0.00019634901160957285,-0.0001422137816977781,6.314701315919546e-05
43.553,-0.00019699552419631672,-0.00014285655934384578,6.249956716536387e-05
43.562,-0.0001976417005478126,-0.00014349900392356119,6.185245788886684e-05
43.571,-0.00019828754090905898,-0.00014414111567863375,6.120568508435897e-05
43.58,-0.0001989330455248045,-0.00014478289485043982,6.0559248506744656e-05
43.589,-0.00019957821463954806,-0.00014542434168024476,5.991314791117808e-05
43.598,-0.00020022304849763584,-0.0001460654564090641,5.926738305293833e-05
43.607,-0.00020086754734315038,-0.0001467062392775803,5.8621953687623685e-05
43.616,-0.00020151171141989666,-0.00014734669052643423,5.797685957108223e-05
43.625,-0.000202155540971527,-0.00014798681039586425,5.7332100459300817e-05
43.634,-0.00020279903624143003,-0.0001486265991260255,5.6687676108571616e-05
43.643,-0.0002034421974727585,-0.00014926605695672612,5.604358627536721e-05
43.652,-0.00020408502490844305,-0.00014990518412767717,5.539983071639609e-05
43.661,-0.0002047275187912062,-0.00015054398087827048,5.475640918864433e-05
43.67,-0.00020536967936352069,-0.00015118244744771747,5.4113321449264506e-05
43.679,-0.00020601150686763714,-0.00015182058407497978,5.347056725565902e-05
43.688,-0.00020665300154557031,-0.00015245839099881087,5.282814636546618e-05
43.697,-0.00020729416363914066,-0.0001530958684577699,5.2186058536532465e-05
43.706,-0.00020793499338990495,-0.00015373301669015238,5.154430352694028e-05
43.715,-0.00020857549103923956,-0.00015436983593407338,5.09028810949802e-05
43.724,-0.00020921565682824328,-0.0001550063264273982,5.0261790999220346e-05
43.733,-0.00020985549099783452,-0.00015564248840771455,4.9621032998395376e-05
43.742,-0.00021049499378866798,-0.00015627832211251302,4.898060685150363e-05
43.751,-0.00021113416544117636,-0.000156913827778965,4.834051231776548e-05
43.76,-0.0002117730061956674,-0.00015754900564410312,4.77007491565401e-05
43.769,-0.00021241151629204647,-0.0001581838559446408,4.7061317127602975e-05
43.778,-0.0002130496959701078,-0.00015881837891718042,4.64222159907296e-05
43.787,-0.00021368754546945146,-0.00015945257479797748,4.5783445506070164e-05
43.796,-0.00021432506502935822,-0.00016008644382319026,4.514500543398303e-05
43.805,-0.00021496225488894238,-0.00016071998622867179,4.4506895535006974e-05
43.814,-0.00021559911528712394,-0.00016135320225013627,4.386911556988893e-05
43.823,-0.00021623564646253146,-0.00016198609212300652,4.323166529963951e-05
43.832,-0.0002168718486535992,-0.00016261865608251103,4.259454448549138e-05
43.841,-0.0002175077220985533,-0.00016325089436365625,4.1957752888913125e-05
43.85,-0.00021814326703541165,-0.00016388280720125437,4.13212902715121e-05
43.859,-0.0002187784837018869,-0.00016451439482988162,4.0685156395242617e-05
43.868,-0.0002194133723355668,-0.0001651456574838922,4.004935102217e-05
43.877,-0.00022004793317378923,-0.00016577659539744605,3.941387391465101e-05
43.885999999999996,-0.00022068216645364236,-0.00016640720880446713,3.877872483522282e-05
43.894999999999996,-0.00022131607241202,-0.00016703749793864353,3.8143903546700164e-05
43.903999999999996,-0.00022194965128559396,-0.00016766746303345514,3.7509409812022665e-05
43.913,-0.00022258290331082786,-0.00016829710432222922,3.6875243394435264e-05
43.922,-0.00022321582872392165,-0.0001689264220379877,3.624140405736331e-05
43.931,-0.0002238484277608671,-0.0001695554164136276,3.560789156450972e-05
43.94,-0.00022448070065751724,-0.00017018408768168514,3.4974705679660656e-05
43.949,-0.00022511264764939198,-0.0001708124360746549,3.4341846166977e-05
43.958,-0.00022574426897185862,-0.00017144046182472616,3.370931279077227e-05
43.967,-0.00022637556486000687,-0.00017206816516386614,3.307710531556818e-05
43.976,-0.00022700653554882932,-0.00017269554632384776,3.2445223506108456e-05
43.985,-0.00022763718127295773,-0.00017332260553622192,3.181366712737277e-05
43.994,-0.00022826750226689896,-0.00017394934303234522,3.118243594453507e-05
44.003,-0.0002288974987649378,-0.00017457575904333833,3.055152972300523e-05
44.012,-0.00022952717100103992,-0.00017520185380012765,2.9920948228442934e-05
44.021,-0.00023015651920908764,-0.00017582762753338976,2.9290691226646626e-05
44.03,-0.00023078554362268577,-0.00017645308047363473,2.866075848367844e-05
44.039,-0.00023141424447521708,-0.00017707821285115055,2.8031149765850305e-05
44.048,-0.00023204262199984227,-0.00017770302489597545,2.740186483964069e-05
44.057,-0.00023267067642954165,-0.00017832751683796721,2.677290347173622e-05
44.066,-0.00023329840799707346,-0.00017895168890677549,2.6144265429073332e-05
44.075,-0.00023392581693490455,-0.00017957554133177234,2.551595047882438e-05
44.084,-0.00023455290347540458,-0.00018019907434227433,2.488795838830049e-05
44.093,-0.00023517966785067956,-0.0001808222881671956,2.426028892507648e-05
44.102,-0.00023580611029253018,-0.0001814451830353947,2.3632941857004708e-05
44.111,-0.00023643223103272937,-0.0001820677591753972,2.3005916951979177e-05
44.12,-0.0002370580303026476,-0.00018269001681561758,2.2379213978324097e-05
44.129,-0.0002376835083335721,-0.00018331195618417895,2.175283270441919e-05
44.138,-0.00023830866535647088,-0.00018393357750907946,2.1126772898949486e-05
44.147,-0.00023893350160224258,-0.00018455488101801198,2.0501034330697165e-05
44.156,-0.00023955801730141113,-0.0001851758669385445,1.9875616768805227e-05
44.165,-0.00024018221268438944,-0.00018579653549796737,1.925051998254157e-05
44.174,-0.000240806087981299,-0.00018641688692344616,1.8625743741437772e-05
44.183,-0.00024142964342219186,-0.00018703692144182715,1.8001287815136435e-05
44.192,-0.0002420528792367732,-0.00018765663927983178,1.7377151973599347e-05
44.201,-0.00024267579565454,-0.00018827604066393167,1.6753335987010343e-05
44.21,-0.00024329839290483657,-0.000188895125820418,1.6129839625692033e-05
44.219,-0.00024392067121679906,-0.00018951389497535998,1.550666266016132e-05
44.228,-0.0002445426308192722,-0.00019013234835461856,1.4883804861268168e-05
44.237,-0.00024516427194100354,-0.00019075048618383272,1.4261265999959694e-05
44.246,-0.0002457855948104354,-0.00019136830868848875,1.3639045847418929e-05
44.255,-0.0002464065996558157,-0.0001919858160937954,1.3017144175120343e-05
44.263999999999996,-0.0002470272867052259,-0.00019260300862478097,1.2395560754635548e-05
44.272999999999996,-0.0002476476561865115,-0.00019321988650630728,1.1774295357799835e-05
44.282,-0.0002482677083272822,-0.00019383644996297245,1.1153347756656662e-05
44.291,-0.0002488874433550087,-0.00019445269921916641,1.0532717723457652e-05
44.3,-0.00024950686149682877,-0.00019506863449912648,9.91240503070423e-06
44.309,-0.0002501259629798386,-0.00019568425602684014,9.292409450994965e-06
44.318,-0.00025074474803074565,-0.00019629956402612836,8.672730757289249e-06
44.327,-0.00025136321687617424,-0.00019691455872057617,8.053368722629739e-06
44.336,-0.0002519813697425405,-0.0001975292403335327,7.434323120322772e-06
44.345,-0.00025259920685596904,-0.00019814360908823603,6.8155937238689734e-06
44.354,-0.00025321672844240417,-0.00019875766520761895,6.197180307018768e-06
44.363,-0.00025383393472760973,-0.00019937140891447547,5.5790826437168706e-06
44.372,-0.00025445082593718304,-0.00019998484043137754,4.96130050800514e-06
44.381,-0.00025506740229640223,-0.0002005979599806751,4.343833674300135e-06
44.39,-0.0002556836640304344,-0.00020121076778452374,3.7266819171294374e-06
44.399,-0.0002562996113641691,-0.00020182326406491258,3.1098450112565512e-06
44.408,-0.00025691524452234327,-0.0002024354490435809,2.493322731639269e-06
44.417,-0.0002575305637294717,-0.00020304732294205985,1.8771148534435511e-06
44.426,-0.00025814556920983334,-0.00020365888598170012,1.261221152071279e-06
44.435,-0.00025876026118756834,-0.00020427013838369978,6.456414030492352e-07
44.444,-0.00025937463988651155,-0.0002048810803689377,3.0375382237268767e-08
44.453,-0.0002599887055303729,-0.00020549171215818174,-5.845771343937489e-07
44.462,-0.00026060245834266804,-0.00020610203397199156,-1.1992163706786574e-06
44.471,-0.0002612158985466073,-0.0002067120460307048,-1.813542550133107e-06
44.48,-0.0002618290263653178,-0.00020732174855439545,-2.427555896231115e-06
44.489,-0.0002624418420216351,-0.00020793114176308192,-3.0412566321136314e-06
44.498,-0.00026305434573820063,-0.00020854022587642185,-3.6546449807273174e-06
44.507,-0.0002636665377375169,-0.00020914900111403123,-4.267721164893934e-06
44.516,-0.000264278418241809,-0.00020975746769516523,-4.880485407157686e-06
44.525,-0.0002648899874731492,-0.0002103656258390374,-5.492937929910124e-06
44.534,-0.00026550124565333233,-0.0002109734757645143,-6.10507895527912e-06
44.543,-0.0002661121930040422,-0.00021158101769032378,-6.71690870522601e-06
44.552,-0.00026672282974668504,-0.00021218825183506873,-7.3284274015039674e-06
44.561,-0.00026733315610254216,-0.000212795178417019,-7.939635265685752e-06
44.57,-0.00026794317229260345,-0.00021340179765436118,-8.550532519094323e-06
44.579,-0.00026855287853772003,-0.00021400810976497653,-9.161119382899985e-06
44.588,-0.0002691622750584932,-0.0002146141149666353,-9.771396077981609e-06
44.597,-0.0002697713620753994,-0.00021521981347689956,-1.0381362825176432e-05
44.606,-0.00027038013980862363,-0.00021582520551303996,-1.0991019844946992e-05
44.615,-0.0002709886084781704,-0.00021643029129228553,-1.1600367357630925e-05
44.624,-0.00027159676830390556,-0.00021703507103149056,-1.2209405583399335e-05
44.632999999999996,-0.0002722046195054312,-0.0002176395449474816,-1.2818134742187404e-05
44.641999999999996,-0.0002728121623021551,-0.00021824371325675218,-1.3426555053666633e-05
44.650999999999996,-0.00027341939691330475,-0.0002188475761757125,-1.4034666737425261e-05
44.66,-0.0002740263235578716,-0.00021945113392045357,-1.4642470012746212e-05
44.669,-0.00027463294245475,-0.00022005438670699706,-1.5249965098843021e-05
44.678,-0.00027523925382244574,-0.00022065733475103155,-1.585715221452677e-05
44.687,-0.00027584525787947844,-0.00022125997826821786,-1.646403157860854e-05
44.696,-0.0002764509548440208,-0.00022186231747382823,-1.7070603409607976e-05
44.705,-0.00027705634493407905,-0.00022246435258310715,-1.767686792583656e-05
44.714,-0.00027766142836749275,-0.00022306608381102155,-1.828282534541148e-05
44.723,-0.0002782662053618934,-0.00022366751137231633,-1.8888475886297273e-05
44.732,-0.0002788706761346904,-0.00022426863548162534,-1.9493819766222553e-05
44.741,-0.0002794748409030712,-0.00022486945635331879,-2.009885720268001e-05
44.75,-0.00028007869988409817,-0.00022546997420158643,-2.0703588413023555e-05
44.759,-0.00028068225329461183,-0.00022607018924045152,-2.1308013614398935e-05
44.768,-0.0002812855013512028,-0.00022667010168371526,-2.1912133023771485e-05
44.777,-0.0002818884442703645,-0.00022726971174501231,-2.2515946857815106e-05
44.786,-0.0002824910822682297,-0.00022786901963771367,-2.3119455333092676e-05
44.795,-0.0002830934155609449,-0.00022846802557510704,-2.372265866600054e-05
44.804,-0.00028369544436428196,-0.00022906672977017484,-2.4325557072629733e-05
44.813,-0.0002842971688939294,-0.0002296651324358162,-2.4928150768988022e-05
44.822,-0.0002848985893652983,-0.00023026323378458335,-2.5530439970750107e-05
44.831,-0.0002854997059936609,-0.00023086103402904234,-2.6132424893549056e-05
44.84,-0.0002861005189940119,-0.00023145853338138456,-2.673410575267099e-05
44.849,-0.00028670102858133206,-0.00023205573205370422,-2.7335482763374275e-05
44.858,-0.0002873012349701859,-0.0002326526302578874,-2.793655614054258e-05
44.867,-0.0002879011383750546,-0.00023324922820559812,-2.853732609899018e-05
44.876,-0.00028850073901025286,-0.00023384552610834775,-2.913779285329543e-05
44.885,-0.0002891000370898178,-0.00023444152417743946,-2.973795661782852e-05
44.894,-0.00028969903282764775,-0.00023503722262395443,-3.0337817606793105e-05
44.903,-0.000290297726437419,-0.0002356326216588489,-3.0937376034156916e-05
44.912,-0.00029089611813265526,-0.0002362277214928432,-3.153663211374891e-05
44.921,-0.00029149420812665805,-0.0002368225223364634,-3.2135586059162113e-05
44.93,-0.00029209199663252083,-0.00023741702440005508,-3.273423808382303e-05
44.939,-0.000292689483863115,-0.00023801122789381124,-3.333258840089448e-05
44.948,-0.0002932866700312148,-0.0002386051330276473,-3.393063722344214e-05
44.957,-0.0002938835553493585,-0.00023919874001135377,-3.452838476430964e-05
44.966,-0.0002944801400298208,-0.0002397920490545824,-3.512583123609081e-05
44.975,-0.0002950764242847653,-0.00024038506036663798,-3.5722976851240706e-05
44.984,-0.00029567240832617525,-0.00024097777415678368,-3.631982182203397e-05
44.993,-0.000296268092365784,-0.00024157019063403284,-3.691636636053708e-05
45.002,-0.0002968634766151307,-0.00024216231000720456,-3.751261067855283e-05
45.010999999999996,-0.0002974585612855879,-0.00024275413248495137,-3.810855498778687e-05
45.019999999999996,-0.0002980533465883617,-0.0002433456582757454,-3.8704199499708936e-05
45.028999999999996,-0.00029864783273444995,-0.00024393688758780896,-3.929954442564998e-05
45.038,-0.00029924201993461463,-0.0002445278206292534,-3.98945899766634e-05
45.047,-0.00029983590839952057,-0.00024511845760795403,-4.048933636370544e-05
45.056,-0.0003004294983395134,-0.00024570879873163365,-4.1083783797427054e-05
45.065,-0.00030102278996484155,-0.00024629884420777903,-4.167793248838203e-05
45.074,-0.0003016157834855454,-0.0002468885942437382,-4.227178264690212e-05
45.083,-0.00030220847911148485,-0.00024747804904663717,-4.286533448315255e-05
45.092,-0.0003028008770522561,-0.00024806720882349087,-4.3458588207020976e-05
45.101,-0.0003033929775173999,-0.0002486560737809673,-4.405154402835343e-05
45.11,-0.0003039847807161239,-0.00024924464412572067,-4.464420215664899e-05
45.119,-0.0003045762868575802,-0.00024983292006408586,-4.523656280136512e-05
45.128,-0.0003051674961506018,-0.0002504209018023562,-4.582862617161232e-05
45.137,-0.0003057584088039106,-0.00025100858954649197,-4.642039247644558e-05
45.146,-0.000306349025026062,-0.00025159598350234236,-4.7011861924683984e-05
45.155,-0.0003069393450253616,-0.00025218308387560395,-4.760303472495231e-05
45.164,-0.0003075293690098929,-0.0002527698908716819,-4.819391108562554e-05
45.173,-0.0003081190971876979,-0.00025335640469588416,-4.878449121502315e-05
45.182,-0.0003087085297665132,-0.0002539426255532967,-4.9374775321200937e-05
45.191,-0.0003092976669539088,-0.0002545285536488806,-4.99647636120204e-05
45.2,-0.00030988650895727443,-0.00025511418918730544,-5.0554456295148764e-05
45.209,-0.0003104750559838054,-0.00025569953237317145,-5.1143853578100584e-05
45.217999999999996,-0.0003110633082405445,-0.0002562845834107874,-5.1732955668196134e-05
45.227,-0.0003116512659342707,-0.000256869342504365,-5.2321762772519764e-05
45.236,-0.0003122389292716937,-0.00025745380985786603,-5.291027509807256e-05
45.245,-0.00031282629845920396,-0.0002580379856751691,-5.349849285152253e-05
45.254,-0.00031341337370309474,-0.00025862187015981974,-5.408641623949606e-05
45.263,-0.000314000155209479,-0.00025920546351530793,-5.4674045468369736e-05
45.272,-0.00031458664318419205,-0.0002597887659449155,-5.526138074427034e-05
45.281,-0.00031517283783301375,-0.00026037177765166064,-5.5848422273283016e-05
45.29,-0.00031575873936140475,-0.00026095449883850597,-5.643517026115985e-05
45.299,-0.0003163443479747702,-0.0002615369297081227,-5.7021624913583535e-05
45.308,-0.00031692966387820987,-0.00026211907046305716,-5.7607786435973085e-05
45.317,-0.0003175146872767126,-0.00026270092130567524,-5.819365503359486e-05
45.326,-0.00031809941837507294,-0.0002632824824381347,-5.877923091153481e-05
45.335,-0.0003186838573779188,-0.0002638637540624128,-5.9364514274698466e-05
45.344,-0.0003192680044895868,-0.0002644447363803343,-5.994950532774157e-05
45.353,-0.00031985185991439957,-0.0002650254295935295,-6.053420427526435e-05
45.362,-0.0003204354238563606,-0.00026560583390342063,-6.111861132154783e-05
45.371,-0.00032101869651934845,-0.0002661859495113328,-6.170272667077592e-05
45.379999999999995,-0.00032160167810701967,-0.0002667657766182857,-6.228655052691046e-05
45.388999999999996,-0.0003221843688229198,-0.000267345315425202,-6.287008309376063e-05
45.397999999999996,-0.00032276676887031674,-0.00026792456613281,-6.345332457488584e-05
45.407,-0.00032334887845238136,-0.0002685035289416715,-6.403627517374832e-05
45.416,-0.0003239306977720485,-0.000269082204052154,-6.461893509358829e-05
45.425,-0.0003245122270320866,-0.00026966059166438905,-6.520130453746553e-05
45.434,-0.0003250934664351113,-0.0002702386919784805,-6.578338370824555e-05
45.443,-0.0003256744161834607,-0.00027081650519417133,-6.636517280859955e-05
45.452,-0.00032625507647940366,-0.0002713940315111629,-6.694667204105997e-05
45.461,-0.0003268354475250146,-0.00027197127112890684,-6.752788160797885e-05
45.47,-0.00032741552952206265,-0.0002725482242467159,-6.810880171144451e-05
45.479,-0.00032799532267230314,-0.00027312489106363913,-6.868943255347593e-05
45.488,-0.000328574827177186,-0.00027370127177871184,-6.926977433582837e-05
45.497,-0.0003291540432380363,-0.0002742773665906362,-6.984982726010447e-05
45.506,-0.0003297329710560126,-0.00027485317569800327,-7.042959152774031e-05
45.515,-0.0003303116108320653,-0.00027542869929921,-7.10090673399777e-05
45.524,-0.00033088996276696425,-0.0002760039375925005,-7.158825489787801e-05
45.533,-0.0003314680270612991,-0.00027657889077593867,-7.216715440230836e-05
45.542,-0.000332045803915465,-0.0002771535590473384,-7.274576605395544e-05
45.551,-0.00033262329352976017,-0.0002777279426044721,-7.332409005342266e-05
45.56,-0.00033320049610417735,-0.000278302041644779,-7.390212660093876e-05
45.569,-0.0003337774118386122,-0.00027887585636568457,-7.447987589671856e-05
45.578,-0.0003343540409327661,-0.00027944938696433663,-7.505733814076876e-05
45.587,-0.0003349303835861739,-0.0002800226336376749,-7.56345135328601e-05
45.596,-0.00033550643999814833,-0.0002805955965825835,-7.62114022726107e-05
45.605,-0.00033608221036787733,-0.00028116827599566907,-7.678800455948598e-05
45.614,-0.0003366576948942851,-0.0002817406720733995,-7.736432059272935e-05
45.623,-0.0003372328937762681,-0.0002823127850120899,-7.79403505714732e-05
45.632,-0.0003378078072123897,-0.00028288461500783346,-7.85160946945862e-05
45.641,-0.00033838243540113,-0.00028345616225658454,-7.909155316081218e-05
45.65,-0.00033895677854073325,-0.0002840274269540616,-7.966672616871451e-05
45.659,-0.0003395308368293465,-0.0002845984092959275,-8.024161391669005e-05
45.668,-0.00034010461046481144,-0.0002851691094776093,-8.081621660288585e-05
45.677,-0.00034067809964492823,-0.00028573952769427036,-8.13905344253657e-05
45.686,-0.00034125130456724717,-0.0002863096641410323,-8.196456758195747e-05
45.695,-0.00034182422542915203,-0.00028687951901279485,-8.253831627035024e-05
45.704,-0.00034239686242784617,-0.00028744909250430495,-8.311178068801106e-05
45.713,-0.00034296921576036643,-0.0002880183848100598,-8.368496103226819e-05
45.722,-0.0003435412856235692,-0.0002885873961244456,-8.425785750024173e-05
45.731,-0.0003441130722141861,-0.00028915612664170975,-8.483047028895463e-05
45.74,-0.00034468457572867095,-0.0002897245765558776,-8.540279959513841e-05
45.749,-0.0003452557963633529,-0.00029029274606078015,-8.597484561541358e-05
45.757999999999996,-0.0003458267343144361,-0.00029086063535012363,-8.654660854623408e-05
45.766999999999996,-0.00034639738977786105,-0.000291428244617406,-8.711808858385961e-05
45.775999999999996,-0.0003469677629494433,-0.0002919955740560143,-8.768928592436942e-05
45.785,-0.00034753785402481807,-0.00029256262385905785,-8.826020076364849e-05
45.794,-0.0003481076631994956,-0.0002931293942195906,-8.88308332975124e-05
45.803,-0.00034867719066869474,-0.00029369588533044444,-8.940118372147143e-05
45.812,-0.0003492464366275233,-0.00029426209738422915,-8.997125223089708e-05
45.821,-0.00034981540127095034,-0.0002948280305734713,-9.054103902100819e-05
45.83,-0.00035038408479373673,-0.0002953936850905031,-9.111054428689869e-05
45.839,-0.0003509524873904629,-0.0002959590611274071,-9.167976822338497e-05
45.848,-0.0003515206092555706,-0.0002965241588762102,-9.224871102520016e-05
45.857,-0.0003520884505832378,-0.00029708897852875893,-9.281737288679981e-05
45.866,-0.00035265601156760085,-0.00029765352027659453,-9.338575400259785e-05
45.875,-0.0003532232924025186,-0.0002982177843112166,-9.395385456671679e-05
45.884,-0.0003537902932817666,-0.00029878177082398594,-9.45216747732236e-05
45.893,-0.00035435701439881506,-0.0002993454800059442,-9.50892148158522e-05
45.902,-0.00035492345594714814,-0.00029990891204807746,-9.565647488836426e-05
45.911,-0.0003554896181198891,-0.00030047206714120533,-9.622345518417452e-05
45.92,-0.00035605550111010575,-0.0003010349454758976,-9.67901558965728e-05
45.929,-0.0003566211051106438,-0.00030159754724265464,-9.735657721877955e-05
45.938,-0.000357186430314238,-0.0003021598726317132,-9.792271934373764e-05
45.947,-0.00035775147691338716,-0.0003027219218332544,-9.848858246420955e-05
45.956,-0.0003583162451004235,-0.00030328369503715424,-9.905416677281897e-05
45.964999999999996,-0.0003588807350675821,-0.0003038451924331914,-9.961947246209246e-05
45.974,-0.00035944494700680674,-0.00030440641421101977,-0.0001001844997242235
45.983,-0.0003600088811099855,-0.0003049673605600711,-0.00010074924875137781
45.992,-0.0003605725375687707,-0.0003055280316696385,-0.0001013137197354852
46.001,-0.0003611359165746758,-0.000306088427728779,-0.00010187791286832282
46.01,-0.0003616990183190061,-0.0003066485489264803,-0.0001024418283414874
46.019,-0.0003622618429929281,-0.0003072083954514804,-0.00010300546634640917
46.028,-0.00036282439078746953,-0.00030776796749243385,-0.00010356882707439341
46.037,-0.0003633866618933945,-0.0003083272652377317,-0.00010413191071646788
46.046,-0.00036394865650138386,-0.0003088862888756816,-0.00010469471746357706
46.055,-0.0003645103748018963,-0.00030944503859435535,-0.00010525724750645726
46.064,-0.00036507181698530733,-0.0003100035145817692,-0.00010581950103576154
46.073,-0.00036563298324168714,-0.0003105617170256064,-0.00010638147824185151
46.082,-0.00036619387376106427,-0.00031111964611355014,-0.00010694317931497777
46.091,-0.0003667544887331897,-0.0003116773020330338,-0.0001075046044451966
46.1,-0.0003673148283477867,-0.0003122346849712687,-0.00010806575382249495
46.109,-0.0003678748927942732,-0.00031279179511548016,-0.0001086266276365544
46.117999999999995,-0.0003684346822619561,-0.00031334863265251867,-0.00010918722607695941
46.126999999999995,-0.0003689941969399896,-0.0003139051977692625,-0.00010974754933312791
46.135999999999996,-0.0003695534370173198,-0.0003144614906522569,-0.00011030759759428355
46.144999999999996,-0.00037011240268279566,-0.00031501751148797774,-0.00011086737104952504
46.153999999999996,-0.00037067109412500243,-0.00031557326046274814,-0.0001114268698877291
46.163,-0.0003712295115324282,-0.0003161287377626554,-0.00011198609429766138
46.172,-0.0003717876550933946,-0.0003166839435736757,-0.00011254504446787938
46.181,-0.00037234552499601503,-0.0003172388780816604,-0.00011310372058676021
46.19,-0.00037290312142823634,-0.0003177935414721833,-0.00011366212284256993
46.199,-0.00037346044457792216,-0.00031834793393072103,-0.0001142202514233942
46.208,-0.00037401749463264466,-0.0003189020556426253,-0.00011477810651708276
46.217,-0.00037457427177992053,-0.0003194559067929842,-0.00011533568831142982
46.226,-0.00037513077620707214,-0.000320009487566858,-0.00011589299699400757
46.235,-0.00037568700810117206,-0.00032056279814902944,-0.00011645003275218002
46.244,-0.00037624296764925125,-0.00032111583872412863,-0.00011700679577322792
46.253,-0.0003767986550381325,-0.00032166860947671627,-0.00011756328624423773
46.262,-0.00037735407045438873,-0.0003222211105910894,-0.00011811950435205998
46.271,-0.00037790921408456524,-0.00032277334225143395,-0.00011867545028350357
46.28,-0.0003784640861149713,-0.0003233253046417278,-0.0001192311242251276
46.289,-0.0003790186867317358,-0.00032387699794587943,-0.00011978652636335241
46.298,-0.0003795730161208488,-0.00032442842234754743,-0.00012034165688440401
46.307,-0.0003801270744681756,-0.0003249795780302378,-0.00012089651597445294
46.316,-0.0003806808619593177,-0.0003255304651773455,-0.0001214511038193089
46.325,-0.000381234378779835,-0.00032608108397208513,-0.00012200542060485098
46.334,-0.000381787625114996,-0.0003266314345974908,-0.00012255946651658356
46.343,-0.00038234060115002744,-0.00032718151723644395,-0.00012311324173999716
46.352,-0.0003828933070698648,-0.00032773133207164573,-0.00012366674646030473
46.361,-0.0003834457430594296,-0.00032828087928568617,-0.00012421998086269148
46.37,-0.00038399790930336575,-0.000328830159060961,-0.0001247729451320373
46.379,-0.00038454980598622013,-0.0003293791715797134,-0.00012532563945318043
46.388,-0.0003851014332923175,-0.00032992791702406155,-0.00012587806401070933
46.397,-0.0003856527914058716,-0.0003304763955758738,-0.0001264302189890737
46.406,-0.00038620388051088805,-0.00033102460741697703,-0.00012698210457255665
46.415,-0.0003867547007912753,-0.00033157255272889263,-0.0001275337209453442
46.424,-0.0003873052524307058,-0.00033212023169316984,-0.0001280850682913448
46.433,-0.00038785553561276886,-0.00033266764449099706,-0.00012863614679442525
46.442,-0.0003884055505207762,-0.00033321479130359044,-0.00012918695663816093
46.451,-0.0003889552973380672,-0.00033376167231184695,-0.0001297374980061411
46.46,-0.00038950477624759283,-0.00033430828769666354,-0.00013028777108159417
46.469,-0.0003900539874323178,-0.000334854637638618,-0.00013083777604772084
46.478,-0.0003906029310749848,-0.0003354007223182326,-0.00013138751308754137
46.487,-0.00039115160735815613,-0.0003359465419158353,-0.00013193698238389562
46.495999999999995,-0.00039170001646424146,-0.0003364920966116569,-0.00013248618411941526
46.504999999999995,-0.0003922481585755533,-0.00033703738658565074,-0.00013303511847667648
46.513999999999996,-0.0003927960338741543,-0.0003375824120177562,-0.0001335837856380473
46.522999999999996,-0.00039334364254201004,-0.00033812717308759344,-0.00013413218578568753
46.532,-0.00039389098476085016,-0.00033867166997482434,-0.00013468031910164602
46.541,-0.0003944380607123349,-0.0003392159028587638,-0.00013522818576781892
46.55,-0.0003949848705779718,-0.00033975987191864343,-0.00013577578596594975
46.559,-0.000395531414538991,-0.00034030357733359773,-0.00013632311987754608
46.568,-0.0003960776927765669,-0.00034084701928252525,-0.00013687018768406
46.577,-0.0003966237054716798,-0.00034139019794421355,-0.00013741698956670767
46.586,-0.000397169452805185,-0.00034193311349725586,-0.0001379635257065942
46.595,-0.00039771493495770194,-0.0003424757661201483,-0.00013850979628463045
46.604,-0.00039826015210982224,-0.0003430181559911094,-0.00013905580148161623
46.613,-0.0003988051044418184,-0.0003435602832883855,-0.00013960154147811543
46.622,-0.00039934979213393507,-0.00034410214818987594,-0.00014014701645463645
46.631,-0.00039989421536615333,-0.00034464375087349397,-0.00014069222659139624
46.64,-0.0004004383743184403,-0.000345185091516903,-0.00014123717206862563
46.649,-0.000400982269170444,-0.0003457261702975861,-0.00014178185306623625
46.658,-0.00040152590010179845,-0.0003462669873929569,-0.00014232626976408425
46.667,-0.0004020692672918186,-0.00034680754298023475,-0.0001428704223418037
46.676,-0.00040261237091984703,-0.00034734783723647245,-0.00014341431097893154
46.685,-0.0004031552111649489,-0.00034788787033858404,-0.0001439579358548243
46.694,-0.00040369778820603663,-0.00034842764246330316,-0.00014450129714863036
46.703,-0.0004042401022219394,-0.0003489671537872524,-0.00014504439503944255
46.712,-0.0004047821533912227,-0.000349506404486874,-0.00014558722970609006
46.721000000000004,-0.00040532394189242427,-0.00035004539473844354,-0.00014612980132734654
46.73,-0.0004058654679038043,-0.0003505841247181535,-0.00014667211008173586
46.739,-0.00040640673160355356,-0.0003511225946019325,-0.0001472141561477125
46.748,-0.00040694773316962696,-0.00035166080456565385,-0.00014775593970346723
46.757,-0.0004074884727799516,-0.00035219875478496865,-0.00014829746092719087
46.766,-0.0004080289506121354,-0.0003527364454354448,-0.00014883871999674114
46.775,-0.0004085691668438002,-0.0003532738766924143,-0.00014937971709000353
46.784,-0.00040910912165226243,-0.00035381104873115354,-0.00014992045238453044
46.793,-0.0004096488152147554,-0.00035434796172668925,-0.00015046092605780492
46.802,-0.00041018824770838735,-0.00035488461585393705,-0.00015100113828721284
46.811,-0.0004107274193100585,-0.00035542101128770154,-0.0001515410892498903
46.82,-0.0004112663301965025,-0.00035595714820260693,-0.00015208077912283458
46.829,-0.0004118049805443974,-0.0003564930267730554,-0.00015262020808295973
46.838,-0.0004123433705301299,-0.0003570286471734213,-0.00015315937630691612
46.847,-0.000412881500330059,-0.0003575640095778432,-0.0001536982839712986
46.856,-0.00041341937012029373,-0.00035809911416034845,-0.00015423693125249383
46.865,-0.0004139569800768461,-0.0003586339610947564,-0.00015477531832673586
46.873999999999995,-0.0004144943303755616,-0.00035916855055478925,-0.0001553134453701338
46.882999999999996,-0.000415031421192133,-0.00035970288271404416,-0.00015585131255864415
46.891999999999996,-0.00041556825270207265,-0.00036023695774589637,-0.00015638892006800131
46.900999999999996,-0.0004161048250807958,-0.0003607707758235823,-0.0001569262680738981
46.91,-0.0004166411385034957,-0.00036130433712028287,-0.00015746335675174972
46.919,-0.00041717719314528223,-0.00036183764180890143,-0.00015800018627695755
46.928,-0.0004177129891810849,-0.0003623706900622581,-0.00015853675682467316
46.937,-0.0004182485267856667,-0.0003629034820529925,-0.00015907306856988157
46.946,-0.00041878380613363797,-0.0003634360179536472,-0.0001596091216874984
46.955,-0.00041931882739947024,-0.0003639682979365566,-0.00016014491635221728
46.964,-0.0004198535907574963,-0.00036450032217391626,-0.00016068045273860687
46.973,-0.00042038809638188235,-0.0003650320908378385,-0.00016121573102111098
46.982,-0.00042092234444666976,-0.0003655636041002275,-0.0001617507513739791
46.991,-0.00042145633512566394,-0.00036609486213280695,-0.0001622855139712942
47.0,-0.0004219900685926009,-0.0003666258651072035,-0.000162820018987056
